Continent,Country,Year,Month,Air,Sea,Total,Date
AFRICA,Algeria,2023,Jan,44,0,44,2023-01-01
AFRICA,Algeria,2023,Feb,13,0,13,2023-02-01
AFRICA,Algeria,2023,Mar,21,0,21,2023-03-01
AFRICA,Algeria,2023,Apr,9,0,9,2023-04-01
AFRICA,Algeria,2023,May,27,0,27,2023-05-01
AFRICA,Algeria,2023,Jun,27,0,27,2023-06-01
AFRICA,Algeria,2023,Jul,22,0,22,2023-07-01
AFRICA,Algeria,2023,Aug,41,0,41,2023-08-01
AFRICA,Algeria,2023,Sep,38,0,38,2023-09-01
AFRICA,Algeria,2023,Oct,20,0,20,2023-10-01
AFRICA,Algeria,2023,Nov,33,0,33,2023-11-01
AFRICA,Algeria,2023,Dec,22,0,22,2023-12-01
AFRICA,Angola,2023,Jan,24,0,24,2023-01-01
AFRICA,Angola,2023,Feb,27,0,27,2023-02-01
AFRICA,Angola,2023,Mar,16,0,16,2023-03-01
AFRICA,Angola,2023,Apr,43,7,50,2023-04-01
AFRICA,Angola,2023,May,35,0,35,2023-05-01
AFRICA,Angola,2023,Jun,12,1,13,2023-06-01
AFRICA,Angola,2023,Jul,25,3,28,2023-07-01
AFRICA,Angola,2023,Aug,49,3,52,2023-08-01
AFRICA,Angola,2023,Sep,24,0,24,2023-09-01
AFRICA,Angola,2023,Oct,18,1,19,2023-10-01
AFRICA,Angola,2023,Nov,112,0,112,2023-11-01
AFRICA,Angola,2023,Dec,40,3,43,2023-12-01
AFRICA,Benin,2023,Jan,1,0,1,2023-01-01
AFRICA,Benin,2023,Feb,3,0,3,2023-02-01
AFRICA,Benin,2023,Mar,6,0,6,2023-03-01
AFRICA,Benin,2023,Apr,6,0,6,2023-04-01
AFRICA,Benin,2023,May,3,0,3,2023-05-01
AFRICA,Benin,2023,Jun,0,0,0,2023-06-01
AFRICA,Benin,2023,Jul,15,0,15,2023-07-01
AFRICA,Benin,2023,Aug,4,0,4,2023-08-01
AFRICA,Benin,2023,Sep,5,0,5,2023-09-01
AFRICA,Benin,2023,Oct,7,1,8,2023-10-01
AFRICA,Benin,2023,Nov,9,0,9,2023-11-01
AFRICA,Benin,2023,Dec,4,0,4,2023-12-01
AFRICA,Botswana,2023,Jan,80,0,80,2023-01-01
AFRICA,Botswana,2023,Feb,56,0,56,2023-02-01
AFRICA,Botswana,2023,Mar,55,0,55,2023-03-01
AFRICA,Botswana,2023,Apr,95,0,95,2023-04-01
AFRICA,Botswana,2023,May,86,0,86,2023-05-01
AFRICA,Botswana,2023,Jun,46,0,46,2023-06-01
AFRICA,Botswana,2023,Jul,92,0,92,2023-07-01
AFRICA,Botswana,2023,Aug,155,0,155,2023-08-01
AFRICA,Botswana,2023,Sep,121,0,121,2023-09-01
AFRICA,Botswana,2023,Oct,105,0,105,2023-10-01
AFRICA,Botswana,2023,Nov,79,0,79,2023-11-01
AFRICA,Botswana,2023,Dec,145,15,160,2023-12-01
AFRICA,Burundi,2023,Jan,7,0,7,2023-01-01
AFRICA,Burundi,2023,Feb,8,0,8,2023-02-01
AFRICA,Burundi,2023,Mar,4,0,4,2023-03-01
AFRICA,Burundi,2023,Apr,8,0,8,2023-04-01
AFRICA,Burundi,2023,May,6,0,6,2023-05-01
AFRICA,Burundi,2023,Jun,25,0,25,2023-06-01
AFRICA,Burundi,2023,Jul,13,0,13,2023-07-01
AFRICA,Burundi,2023,Aug,9,0,9,2023-08-01
AFRICA,Burundi,2023,Sep,9,0,9,2023-09-01
AFRICA,Burundi,2023,Oct,14,0,14,2023-10-01
AFRICA,Burundi,2023,Nov,4,0,4,2023-11-01
AFRICA,Burundi,2023,Dec,10,0,10,2023-12-01
AFRICA,Cameroon,2023,Jan,32,0,32,2023-01-01
AFRICA,Cameroon,2023,Feb,38,0,38,2023-02-01
AFRICA,Cameroon,2023,Mar,37,0,37,2023-03-01
AFRICA,Cameroon,2023,Apr,53,0,53,2023-04-01
AFRICA,Cameroon,2023,May,36,0,36,2023-05-01
AFRICA,Cameroon,2023,Jun,42,0,42,2023-06-01
AFRICA,Cameroon,2023,Jul,62,0,62,2023-07-01
AFRICA,Cameroon,2023,Aug,55,0,55,2023-08-01
AFRICA,Cameroon,2023,Sep,37,0,37,2023-09-01
AFRICA,Cameroon,2023,Oct,50,0,50,2023-10-01
AFRICA,Cameroon,2023,Nov,40,0,40,2023-11-01
AFRICA,Cameroon,2023,Dec,38,0,38,2023-12-01
AFRICA,Comoros,2023,Jan,66,1,67,2023-01-01
AFRICA,Comoros,2023,Feb,82,0,82,2023-02-01
AFRICA,Comoros,2023,Mar,76,0,76,2023-03-01
AFRICA,Comoros,2023,Apr,69,0,69,2023-04-01
AFRICA,Comoros,2023,May,62,0,62,2023-05-01
AFRICA,Comoros,2023,Jun,57,1,58,2023-06-01
AFRICA,Comoros,2023,Jul,59,0,59,2023-07-01
AFRICA,Comoros,2023,Aug,47,0,47,2023-08-01
AFRICA,Comoros,2023,Sep,87,0,87,2023-09-01
AFRICA,Comoros,2023,Oct,74,0,74,2023-10-01
AFRICA,Comoros,2023,Nov,68,0,68,2023-11-01
AFRICA,Comoros,2023,Dec,41,0,41,2023-12-01
AFRICA,Congo,2023,Jan,14,0,14,2023-01-01
AFRICA,Congo,2023,Feb,20,0,20,2023-02-01
AFRICA,Congo,2023,Mar,25,0,25,2023-03-01
AFRICA,Congo,2023,Apr,12,0,12,2023-04-01
AFRICA,Congo,2023,May,13,0,13,2023-05-01
AFRICA,Congo,2023,Jun,32,0,32,2023-06-01
AFRICA,Congo,2023,Jul,47,0,47,2023-07-01
AFRICA,Congo,2023,Aug,50,0,50,2023-08-01
AFRICA,Congo,2023,Sep,26,0,26,2023-09-01
AFRICA,Congo,2023,Oct,38,0,38,2023-10-01
AFRICA,Congo,2023,Nov,34,0,34,2023-11-01
AFRICA,Congo,2023,Dec,53,1,54,2023-12-01
AFRICA,Egypt,2023,Jan,44,0,44,2023-01-01
AFRICA,Egypt,2023,Feb,55,0,55,2023-02-01
AFRICA,Egypt,2023,Mar,26,1,27,2023-03-01
AFRICA,Egypt,2023,Apr,76,0,76,2023-04-01
AFRICA,Egypt,2023,May,86,0,86,2023-05-01
AFRICA,Egypt,2023,Jun,74,0,74,2023-06-01
AFRICA,Egypt,2023,Jul,74,0,74,2023-07-01
AFRICA,Egypt,2023,Aug,48,1,49,2023-08-01
AFRICA,Egypt,2023,Sep,70,0,70,2023-09-01
AFRICA,Egypt,2023,Oct,53,0,53,2023-10-01
AFRICA,Egypt,2023,Nov,66,1,67,2023-11-01
AFRICA,Egypt,2023,Dec,116,1,117,2023-12-01
AFRICA,Ethiopia,2023,Jan,23,0,23,2023-01-01
AFRICA,Ethiopia,2023,Feb,42,0,42,2023-02-01
AFRICA,Ethiopia,2023,Mar,6,1,7,2023-03-01
AFRICA,Ethiopia,2023,Apr,9,0,9,2023-04-01
AFRICA,Ethiopia,2023,May,9,0,9,2023-05-01
AFRICA,Ethiopia,2023,Jun,15,0,15,2023-06-01
AFRICA,Ethiopia,2023,Jul,35,0,35,2023-07-01
AFRICA,Ethiopia,2023,Aug,48,0,48,2023-08-01
AFRICA,Ethiopia,2023,Sep,27,0,27,2023-09-01
AFRICA,Ethiopia,2023,Oct,39,0,39,2023-10-01
AFRICA,Ethiopia,2023,Nov,15,0,15,2023-11-01
AFRICA,Ethiopia,2023,Dec,15,0,15,2023-12-01
AFRICA,Gabon,2023,Jan,2,0,2,2023-01-01
AFRICA,Gabon,2023,Feb,5,0,5,2023-02-01
AFRICA,Gabon,2023,Mar,2,0,2,2023-03-01
AFRICA,Gabon,2023,Apr,18,0,18,2023-04-01
AFRICA,Gabon,2023,May,6,0,6,2023-05-01
AFRICA,Gabon,2023,Jun,5,0,5,2023-06-01
AFRICA,Gabon,2023,Jul,18,0,18,2023-07-01
AFRICA,Gabon,2023,Aug,23,0,23,2023-08-01
AFRICA,Gabon,2023,Sep,3,0,3,2023-09-01
AFRICA,Gabon,2023,Oct,9,0,9,2023-10-01
AFRICA,Gabon,2023,Nov,9,0,9,2023-11-01
AFRICA,Gabon,2023,Dec,14,0,14,2023-12-01
AFRICA,Ghana,2023,Jan,56,0,56,2023-01-01
AFRICA,Ghana,2023,Feb,96,1,97,2023-02-01
AFRICA,Ghana,2023,Mar,81,5,86,2023-03-01
AFRICA,Ghana,2023,Apr,69,0,69,2023-04-01
AFRICA,Ghana,2023,May,93,0,93,2023-05-01
AFRICA,Ghana,2023,Jun,120,6,126,2023-06-01
AFRICA,Ghana,2023,Jul,103,0,103,2023-07-01
AFRICA,Ghana,2023,Aug,153,0,153,2023-08-01
AFRICA,Ghana,2023,Sep,86,0,86,2023-09-01
AFRICA,Ghana,2023,Oct,146,1,147,2023-10-01
AFRICA,Ghana,2023,Nov,132,1,133,2023-11-01
AFRICA,Ghana,2023,Dec,101,1,102,2023-12-01
AFRICA,IOC 3 countries,2023,Jan,19264,3,19267,2023-01-01
AFRICA,IOC 3 countries,2023,Feb,5853,3,5856,2023-02-01
AFRICA,IOC 3 countries,2023,Mar,13812,3,13815,2023-03-01
AFRICA,IOC 3 countries,2023,Apr,8255,1,8256,2023-04-01
AFRICA,IOC 3 countries,2023,May,16941,2,16943,2023-05-01
AFRICA,IOC 3 countries,2023,Jun,7258,5,7263,2023-06-01
AFRICA,IOC 3 countries,2023,Jul,18298,3,18301,2023-07-01
AFRICA,IOC 3 countries,2023,Aug,12441,5,12446,2023-08-01
AFRICA,IOC 3 countries,2023,Sep,7736,2,7738,2023-09-01
AFRICA,IOC 3 countries,2023,Oct,16973,3,16976,2023-10-01
AFRICA,IOC 3 countries,2023,Nov,8675,11,8686,2023-11-01
AFRICA,IOC 3 countries,2023,Dec,21261,10,21271,2023-12-01
AFRICA,Ivory Coast,2023,Jan,25,0,25,2023-01-01
AFRICA,Ivory Coast,2023,Feb,43,0,43,2023-02-01
AFRICA,Ivory Coast,2023,Mar,39,1,40,2023-03-01
AFRICA,Ivory Coast,2023,Apr,22,0,22,2023-04-01
AFRICA,Ivory Coast,2023,May,34,0,34,2023-05-01
AFRICA,Ivory Coast,2023,Jun,40,9,49,2023-06-01
AFRICA,Ivory Coast,2023,Jul,57,0,57,2023-07-01
AFRICA,Ivory Coast,2023,Aug,42,0,42,2023-08-01
AFRICA,Ivory Coast,2023,Sep,18,0,18,2023-09-01
AFRICA,Ivory Coast,2023,Oct,61,3,64,2023-10-01
AFRICA,Ivory Coast,2023,Nov,54,7,61,2023-11-01
AFRICA,Ivory Coast,2023,Dec,59,2,61,2023-12-01
AFRICA,Kenya,2023,Jan,146,0,146,2023-01-01
AFRICA,Kenya,2023,Feb,258,0,258,2023-02-01
AFRICA,Kenya,2023,Mar,234,1,235,2023-03-01
AFRICA,Kenya,2023,Apr,251,1,252,2023-04-01
AFRICA,Kenya,2023,May,290,0,290,2023-05-01
AFRICA,Kenya,2023,Jun,225,1,226,2023-06-01
AFRICA,Kenya,2023,Jul,359,0,359,2023-07-01
AFRICA,Kenya,2023,Aug,366,0,366,2023-08-01
AFRICA,Kenya,2023,Sep,276,0,276,2023-09-01
AFRICA,Kenya,2023,Oct,291,0,291,2023-10-01
AFRICA,Kenya,2023,Nov,285,1,286,2023-11-01
AFRICA,Kenya,2023,Dec,407,0,407,2023-12-01
AFRICA,Kingdom of Eswatini,2023,Jan,40,0,40,2023-01-01
AFRICA,Kingdom of Eswatini,2023,Feb,25,0,25,2023-02-01
AFRICA,Kingdom of Eswatini,2023,Mar,18,0,18,2023-03-01
AFRICA,Kingdom of Eswatini,2023,Apr,28,0,28,2023-04-01
AFRICA,Kingdom of Eswatini,2023,May,23,0,23,2023-05-01
AFRICA,Kingdom of Eswatini,2023,Jun,21,0,21,2023-06-01
AFRICA,Kingdom of Eswatini,2023,Jul,28,0,28,2023-07-01
AFRICA,Kingdom of Eswatini,2023,Aug,26,0,26,2023-08-01
AFRICA,Kingdom of Eswatini,2023,Sep,40,0,40,2023-09-01
AFRICA,Kingdom of Eswatini,2023,Oct,24,0,24,2023-10-01
AFRICA,Kingdom of Eswatini,2023,Nov,30,0,30,2023-11-01
AFRICA,Kingdom of Eswatini,2023,Dec,32,4,36,2023-12-01
AFRICA,Lesotho,2023,Jan,3,0,3,2023-01-01
AFRICA,Lesotho,2023,Feb,7,0,7,2023-02-01
AFRICA,Lesotho,2023,Mar,5,0,5,2023-03-01
AFRICA,Lesotho,2023,Apr,20,0,20,2023-04-01
AFRICA,Lesotho,2023,May,32,0,32,2023-05-01
AFRICA,Lesotho,2023,Jun,23,0,23,2023-06-01
AFRICA,Lesotho,2023,Jul,16,0,16,2023-07-01
AFRICA,Lesotho,2023,Aug,10,0,10,2023-08-01
AFRICA,Lesotho,2023,Sep,22,0,22,2023-09-01
AFRICA,Lesotho,2023,Oct,29,0,29,2023-10-01
AFRICA,Lesotho,2023,Nov,8,0,8,2023-11-01
AFRICA,Lesotho,2023,Dec,26,13,39,2023-12-01
AFRICA,Malagasy Republic,2023,Jan,1054,2,1056,2023-01-01
AFRICA,Malagasy Republic,2023,Feb,838,3,841,2023-02-01
AFRICA,Malagasy Republic,2023,Mar,1097,2,1099,2023-03-01
AFRICA,Malagasy Republic,2023,Apr,1159,1,1160,2023-04-01
AFRICA,Malagasy Republic,2023,May,1170,2,1172,2023-05-01
AFRICA,Malagasy Republic,2023,Jun,1063,4,1067,2023-06-01
AFRICA,Malagasy Republic,2023,Jul,1514,2,1516,2023-07-01
AFRICA,Malagasy Republic,2023,Aug,2231,5,2236,2023-08-01
AFRICA,Malagasy Republic,2023,Sep,1238,2,1240,2023-09-01
AFRICA,Malagasy Republic,2023,Oct,1721,3,1724,2023-10-01
AFRICA,Malagasy Republic,2023,Nov,1522,11,1533,2023-11-01
AFRICA,Malagasy Republic,2023,Dec,2131,2,2133,2023-12-01
AFRICA,Malawi,2023,Jan,17,0,17,2023-01-01
AFRICA,Malawi,2023,Feb,27,0,27,2023-02-01
AFRICA,Malawi,2023,Mar,17,0,17,2023-03-01
AFRICA,Malawi,2023,Apr,41,0,41,2023-04-01
AFRICA,Malawi,2023,May,67,0,67,2023-05-01
AFRICA,Malawi,2023,Jun,46,0,46,2023-06-01
AFRICA,Malawi,2023,Jul,48,0,48,2023-07-01
AFRICA,Malawi,2023,Aug,27,0,27,2023-08-01
AFRICA,Malawi,2023,Sep,49,0,49,2023-09-01
AFRICA,Malawi,2023,Oct,58,0,58,2023-10-01
AFRICA,Malawi,2023,Nov,31,0,31,2023-11-01
AFRICA,Malawi,2023,Dec,46,4,50,2023-12-01
AFRICA,Mayotte,2023,Jan,52,0,52,2023-01-01
AFRICA,Mayotte,2023,Feb,181,0,181,2023-02-01
AFRICA,Mayotte,2023,Mar,72,0,72,2023-03-01
AFRICA,Mayotte,2023,Apr,168,0,168,2023-04-01
AFRICA,Mayotte,2023,May,69,0,69,2023-05-01
AFRICA,Mayotte,2023,Jun,30,0,30,2023-06-01
AFRICA,Mayotte,2023,Jul,190,0,190,2023-07-01
AFRICA,Mayotte,2023,Aug,82,0,82,2023-08-01
AFRICA,Mayotte,2023,Sep,52,0,52,2023-09-01
AFRICA,Mayotte,2023,Oct,160,0,160,2023-10-01
AFRICA,Mayotte,2023,Nov,54,0,54,2023-11-01
AFRICA,Mayotte,2023,Dec,260,0,260,2023-12-01
AFRICA,Morocco,2023,Jan,49,0,49,2023-01-01
AFRICA,Morocco,2023,Feb,85,0,85,2023-02-01
AFRICA,Morocco,2023,Mar,57,0,57,2023-03-01
AFRICA,Morocco,2023,Apr,43,0,43,2023-04-01
AFRICA,Morocco,2023,May,70,0,70,2023-05-01
AFRICA,Morocco,2023,Jun,78,0,78,2023-06-01
AFRICA,Morocco,2023,Jul,93,0,93,2023-07-01
AFRICA,Morocco,2023,Aug,101,0,101,2023-08-01
AFRICA,Morocco,2023,Sep,65,0,65,2023-09-01
AFRICA,Morocco,2023,Oct,49,0,49,2023-10-01
AFRICA,Morocco,2023,Nov,52,0,52,2023-11-01
AFRICA,Morocco,2023,Dec,103,1,104,2023-12-01
AFRICA,Mozambique,2023,Jan,84,1,85,2023-01-01
AFRICA,Mozambique,2023,Feb,43,0,43,2023-02-01
AFRICA,Mozambique,2023,Mar,27,0,27,2023-03-01
AFRICA,Mozambique,2023,Apr,54,0,54,2023-04-01
AFRICA,Mozambique,2023,May,75,0,75,2023-05-01
AFRICA,Mozambique,2023,Jun,45,0,45,2023-06-01
AFRICA,Mozambique,2023,Jul,56,0,56,2023-07-01
AFRICA,Mozambique,2023,Aug,72,1,73,2023-08-01
AFRICA,Mozambique,2023,Sep,88,4,92,2023-09-01
AFRICA,Mozambique,2023,Oct,69,2,71,2023-10-01
AFRICA,Mozambique,2023,Nov,78,0,78,2023-11-01
AFRICA,Mozambique,2023,Dec,116,16,132,2023-12-01
AFRICA,Namibia,2023,Jan,89,0,89,2023-01-01
AFRICA,Namibia,2023,Feb,41,0,41,2023-02-01
AFRICA,Namibia,2023,Mar,101,0,101,2023-03-01
AFRICA,Namibia,2023,Apr,121,0,121,2023-04-01
AFRICA,Namibia,2023,May,187,1,188,2023-05-01
AFRICA,Namibia,2023,Jun,150,0,150,2023-06-01
AFRICA,Namibia,2023,Jul,94,0,94,2023-07-01
AFRICA,Namibia,2023,Aug,101,0,101,2023-08-01
AFRICA,Namibia,2023,Sep,167,2,169,2023-09-01
AFRICA,Namibia,2023,Oct,66,0,66,2023-10-01
AFRICA,Namibia,2023,Nov,75,2,77,2023-11-01
AFRICA,Namibia,2023,Dec,331,26,357,2023-12-01
AFRICA,Niger,2023,Jan,5,0,5,2023-01-01
AFRICA,Niger,2023,Feb,6,0,6,2023-02-01
AFRICA,Niger,2023,Mar,2,0,2,2023-03-01
AFRICA,Niger,2023,Apr,2,0,2,2023-04-01
AFRICA,Niger,2023,May,8,0,8,2023-05-01
AFRICA,Niger,2023,Jun,3,2,5,2023-06-01
AFRICA,Niger,2023,Jul,10,0,10,2023-07-01
AFRICA,Niger,2023,Aug,1,0,1,2023-08-01
AFRICA,Niger,2023,Sep,6,0,6,2023-09-01
AFRICA,Niger,2023,Oct,10,0,10,2023-10-01
AFRICA,Niger,2023,Nov,8,0,8,2023-11-01
AFRICA,Niger,2023,Dec,6,0,6,2023-12-01
AFRICA,Nigeria,2023,Jan,301,12,313,2023-01-01
AFRICA,Nigeria,2023,Feb,369,0,369,2023-02-01
AFRICA,Nigeria,2023,Mar,336,5,341,2023-03-01
AFRICA,Nigeria,2023,Apr,323,3,326,2023-04-01
AFRICA,Nigeria,2023,May,266,6,272,2023-05-01
AFRICA,Nigeria,2023,Jun,215,1,216,2023-06-01
AFRICA,Nigeria,2023,Jul,325,0,325,2023-07-01
AFRICA,Nigeria,2023,Aug,517,1,518,2023-08-01
AFRICA,Nigeria,2023,Sep,342,0,342,2023-09-01
AFRICA,Nigeria,2023,Oct,295,1,296,2023-10-01
AFRICA,Nigeria,2023,Nov,269,1,270,2023-11-01
AFRICA,Nigeria,2023,Dec,308,2,310,2023-12-01
AFRICA,Reunion Island,2023,Jan,17778,0,17778,2023-01-01
AFRICA,Reunion Island,2023,Feb,4616,0,4616,2023-02-01
AFRICA,Reunion Island,2023,Mar,12384,1,12385,2023-03-01
AFRICA,Reunion Island,2023,Apr,6557,0,6557,2023-04-01
AFRICA,Reunion Island,2023,May,15309,0,15309,2023-05-01
AFRICA,Reunion Island,2023,Jun,5795,0,5795,2023-06-01
AFRICA,Reunion Island,2023,Jul,16384,0,16384,2023-07-01
AFRICA,Reunion Island,2023,Aug,9595,0,9595,2023-08-01
AFRICA,Reunion Island,2023,Sep,6079,0,6079,2023-09-01
AFRICA,Reunion Island,2023,Oct,14864,0,14864,2023-10-01
AFRICA,Reunion Island,2023,Nov,6683,0,6683,2023-11-01
AFRICA,Reunion Island,2023,Dec,18176,1,18177,2023-12-01
AFRICA,Rwanda,2023,Jan,18,0,18,2023-01-01
AFRICA,Rwanda,2023,Feb,34,0,34,2023-02-01
AFRICA,Rwanda,2023,Mar,16,0,16,2023-03-01
AFRICA,Rwanda,2023,Apr,28,0,28,2023-04-01
AFRICA,Rwanda,2023,May,16,0,16,2023-05-01
AFRICA,Rwanda,2023,Jun,23,0,23,2023-06-01
AFRICA,Rwanda,2023,Jul,48,0,48,2023-07-01
AFRICA,Rwanda,2023,Aug,73,0,73,2023-08-01
AFRICA,Rwanda,2023,Sep,18,0,18,2023-09-01
AFRICA,Rwanda,2023,Oct,36,0,36,2023-10-01
AFRICA,Rwanda,2023,Nov,16,0,16,2023-11-01
AFRICA,Rwanda,2023,Dec,27,0,27,2023-12-01
AFRICA,Senegal,2023,Jan,14,0,14,2023-01-01
AFRICA,Senegal,2023,Feb,18,0,18,2023-02-01
AFRICA,Senegal,2023,Mar,6,1,7,2023-03-01
AFRICA,Senegal,2023,Apr,24,0,24,2023-04-01
AFRICA,Senegal,2023,May,11,0,11,2023-05-01
AFRICA,Senegal,2023,Jun,35,11,46,2023-06-01
AFRICA,Senegal,2023,Jul,35,0,35,2023-07-01
AFRICA,Senegal,2023,Aug,34,1,35,2023-08-01
AFRICA,Senegal,2023,Sep,17,0,17,2023-09-01
AFRICA,Senegal,2023,Oct,22,2,24,2023-10-01
AFRICA,Senegal,2023,Nov,49,4,53,2023-11-01
AFRICA,Senegal,2023,Dec,25,6,31,2023-12-01
AFRICA,Seychelles,2023,Jan,366,0,366,2023-01-01
AFRICA,Seychelles,2023,Feb,317,0,317,2023-02-01
AFRICA,Seychelles,2023,Mar,255,0,255,2023-03-01
AFRICA,Seychelles,2023,Apr,470,0,470,2023-04-01
AFRICA,Seychelles,2023,May,400,0,400,2023-05-01
AFRICA,Seychelles,2023,Jun,343,0,343,2023-06-01
AFRICA,Seychelles,2023,Jul,341,1,342,2023-07-01
AFRICA,Seychelles,2023,Aug,568,0,568,2023-08-01
AFRICA,Seychelles,2023,Sep,332,0,332,2023-09-01
AFRICA,Seychelles,2023,Oct,314,0,314,2023-10-01
AFRICA,Seychelles,2023,Nov,402,0,402,2023-11-01
AFRICA,Seychelles,2023,Dec,913,7,920,2023-12-01
AFRICA,"South Africa, Rep. of",2023,Jan,7198,165,7363,2023-01-01
AFRICA,"South Africa, Rep. of",2023,Feb,4613,2,4615,2023-02-01
AFRICA,"South Africa, Rep. of",2023,Mar,8586,89,8675,2023-03-01
AFRICA,"South Africa, Rep. of",2023,Apr,9845,12,9857,2023-04-01
AFRICA,"South Africa, Rep. of",2023,May,6631,10,6641,2023-05-01
AFRICA,"South Africa, Rep. of",2023,Jun,8743,14,8757,2023-06-01
AFRICA,"South Africa, Rep. of",2023,Jul,8127,3,8130,2023-07-01
AFRICA,"South Africa, Rep. of",2023,Aug,7883,1,7884,2023-08-01
AFRICA,"South Africa, Rep. of",2023,Sep,10995,2,10997,2023-09-01
AFRICA,"South Africa, Rep. of",2023,Oct,7712,1,7713,2023-10-01
AFRICA,"South Africa, Rep. of",2023,Nov,5617,185,5802,2023-11-01
AFRICA,"South Africa, Rep. of",2023,Dec,16917,2818,19735,2023-12-01
AFRICA,Sudan,2023,Jan,5,0,5,2023-01-01
AFRICA,Sudan,2023,Feb,6,0,6,2023-02-01
AFRICA,Sudan,2023,Mar,6,0,6,2023-03-01
AFRICA,Sudan,2023,Apr,2,0,2,2023-04-01
AFRICA,Sudan,2023,May,8,0,8,2023-05-01
AFRICA,Sudan,2023,Jun,2,0,2,2023-06-01
AFRICA,Sudan,2023,Jul,0,0,0,2023-07-01
AFRICA,Sudan,2023,Aug,6,0,6,2023-08-01
AFRICA,Sudan,2023,Sep,2,0,2,2023-09-01
AFRICA,Sudan,2023,Oct,3,0,3,2023-10-01
AFRICA,Sudan,2023,Nov,1,0,1,2023-11-01
AFRICA,Sudan,2023,Dec,3,0,3,2023-12-01
AFRICA,Tanzania,2023,Jan,52,1,53,2023-01-01
AFRICA,Tanzania,2023,Feb,36,0,36,2023-02-01
AFRICA,Tanzania,2023,Mar,40,1,41,2023-03-01
AFRICA,Tanzania,2023,Apr,85,0,85,2023-04-01
AFRICA,Tanzania,2023,May,52,1,53,2023-05-01
AFRICA,Tanzania,2023,Jun,66,1,67,2023-06-01
AFRICA,Tanzania,2023,Jul,141,0,141,2023-07-01
AFRICA,Tanzania,2023,Aug,148,0,148,2023-08-01
AFRICA,Tanzania,2023,Sep,65,0,65,2023-09-01
AFRICA,Tanzania,2023,Oct,138,0,138,2023-10-01
AFRICA,Tanzania,2023,Nov,51,0,51,2023-11-01
AFRICA,Tanzania,2023,Dec,103,0,103,2023-12-01
AFRICA,Togo,2023,Jan,2,0,2,2023-01-01
AFRICA,Togo,2023,Feb,1,0,1,2023-02-01
AFRICA,Togo,2023,Mar,4,0,4,2023-03-01
AFRICA,Togo,2023,Apr,4,0,4,2023-04-01
AFRICA,Togo,2023,May,4,0,4,2023-05-01
AFRICA,Togo,2023,Jun,8,0,8,2023-06-01
AFRICA,Togo,2023,Jul,23,0,23,2023-07-01
AFRICA,Togo,2023,Aug,11,0,11,2023-08-01
AFRICA,Togo,2023,Sep,9,0,9,2023-09-01
AFRICA,Togo,2023,Oct,10,1,11,2023-10-01
AFRICA,Togo,2023,Nov,6,0,6,2023-11-01
AFRICA,Togo,2023,Dec,7,0,7,2023-12-01
AFRICA,Tunisia,2023,Jan,35,0,35,2023-01-01
AFRICA,Tunisia,2023,Feb,19,0,19,2023-02-01
AFRICA,Tunisia,2023,Mar,36,3,39,2023-03-01
AFRICA,Tunisia,2023,Apr,18,0,18,2023-04-01
AFRICA,Tunisia,2023,May,43,0,43,2023-05-01
AFRICA,Tunisia,2023,Jun,37,0,37,2023-06-01
AFRICA,Tunisia,2023,Jul,31,0,31,2023-07-01
AFRICA,Tunisia,2023,Aug,67,0,67,2023-08-01
AFRICA,Tunisia,2023,Sep,51,0,51,2023-09-01
AFRICA,Tunisia,2023,Oct,56,0,56,2023-10-01
AFRICA,Tunisia,2023,Nov,40,0,40,2023-11-01
AFRICA,Tunisia,2023,Dec,69,0,69,2023-12-01
AFRICA,Uganda,2023,Jan,62,0,62,2023-01-01
AFRICA,Uganda,2023,Feb,79,0,79,2023-02-01
AFRICA,Uganda,2023,Mar,40,0,40,2023-03-01
AFRICA,Uganda,2023,Apr,43,0,43,2023-04-01
AFRICA,Uganda,2023,May,60,0,60,2023-05-01
AFRICA,Uganda,2023,Jun,89,0,89,2023-06-01
AFRICA,Uganda,2023,Jul,203,0,203,2023-07-01
AFRICA,Uganda,2023,Aug,98,0,98,2023-08-01
AFRICA,Uganda,2023,Sep,77,0,77,2023-09-01
AFRICA,Uganda,2023,Oct,119,0,119,2023-10-01
AFRICA,Uganda,2023,Nov,71,0,71,2023-11-01
AFRICA,Uganda,2023,Dec,135,0,135,2023-12-01
AFRICA,Zambia,2023,Jan,75,0,75,2023-01-01
AFRICA,Zambia,2023,Feb,55,0,55,2023-02-01
AFRICA,Zambia,2023,Mar,59,0,59,2023-03-01
AFRICA,Zambia,2023,Apr,147,0,147,2023-04-01
AFRICA,Zambia,2023,May,99,0,99,2023-05-01
AFRICA,Zambia,2023,Jun,80,0,80,2023-06-01
AFRICA,Zambia,2023,Jul,118,0,118,2023-07-01
AFRICA,Zambia,2023,Aug,225,0,225,2023-08-01
AFRICA,Zambia,2023,Sep,114,0,114,2023-09-01
AFRICA,Zambia,2023,Oct,100,0,100,2023-10-01
AFRICA,Zambia,2023,Nov,67,0,67,2023-11-01
AFRICA,Zambia,2023,Dec,201,2,203,2023-12-01
AFRICA,Zimbabwe,2023,Jan,102,1,103,2023-01-01
AFRICA,Zimbabwe,2023,Feb,139,0,139,2023-02-01
AFRICA,Zimbabwe,2023,Mar,129,0,129,2023-03-01
AFRICA,Zimbabwe,2023,Apr,428,0,428,2023-04-01
AFRICA,Zimbabwe,2023,May,159,0,159,2023-05-01
AFRICA,Zimbabwe,2023,Jun,168,0,168,2023-06-01
AFRICA,Zimbabwe,2023,Jul,218,0,218,2023-07-01
AFRICA,Zimbabwe,2023,Aug,524,0,524,2023-08-01
AFRICA,Zimbabwe,2023,Sep,199,0,199,2023-09-01
AFRICA,Zimbabwe,2023,Oct,248,0,248,2023-10-01
AFRICA,Zimbabwe,2023,Nov,199,0,199,2023-11-01
AFRICA,Zimbabwe,2023,Dec,571,27,598,2023-12-01
AMERICA,Brazil,2023,Jan,50,2,52,2023-01-01
AMERICA,Brazil,2023,Feb,50,5,55,2023-02-01
AMERICA,Brazil,2023,Mar,51,94,145,2023-03-01
AMERICA,Brazil,2023,Apr,57,1,58,2023-04-01
AMERICA,Brazil,2023,May,71,2,73,2023-05-01
AMERICA,Brazil,2023,Jun,75,0,75,2023-06-01
AMERICA,Brazil,2023,Jul,103,8,111,2023-07-01
AMERICA,Brazil,2023,Aug,44,0,44,2023-08-01
AMERICA,Brazil,2023,Sep,117,0,117,2023-09-01
AMERICA,Brazil,2023,Oct,181,0,181,2023-10-01
AMERICA,Brazil,2023,Nov,164,65,229,2023-11-01
AMERICA,Brazil,2023,Dec,152,17,169,2023-12-01
AMERICA,Canada,2023,Jan,684,0,684,2023-01-01
AMERICA,Canada,2023,Feb,468,3,471,2023-02-01
AMERICA,Canada,2023,Mar,607,49,656,2023-03-01
AMERICA,Canada,2023,Apr,509,3,512,2023-04-01
AMERICA,Canada,2023,May,645,4,649,2023-05-01
AMERICA,Canada,2023,Jun,717,0,717,2023-06-01
AMERICA,Canada,2023,Jul,908,1,909,2023-07-01
AMERICA,Canada,2023,Aug,567,0,567,2023-08-01
AMERICA,Canada,2023,Sep,514,0,514,2023-09-01
AMERICA,Canada,2023,Oct,549,2,551,2023-10-01
AMERICA,Canada,2023,Nov,720,81,801,2023-11-01
AMERICA,Canada,2023,Dec,1095,27,1122,2023-12-01
ASIA,Afghanistan,2023,Jan,13,0,13,2023-01-01
ASIA,Afghanistan,2023,Feb,16,0,16,2023-02-01
ASIA,Afghanistan,2023,Mar,18,0,18,2023-03-01
ASIA,Afghanistan,2023,Apr,19,0,19,2023-04-01
ASIA,Afghanistan,2023,May,11,0,11,2023-05-01
ASIA,Afghanistan,2023,Jun,10,0,10,2023-06-01
ASIA,Afghanistan,2023,Jul,20,0,20,2023-07-01
ASIA,Afghanistan,2023,Aug,17,0,17,2023-08-01
ASIA,Afghanistan,2023,Sep,17,0,17,2023-09-01
ASIA,Afghanistan,2023,Oct,20,0,20,2023-10-01
ASIA,Afghanistan,2023,Nov,13,0,13,2023-11-01
ASIA,Afghanistan,2023,Dec,12,2,14,2023-12-01
ASIA,Bahrain,2023,Jan,10,0,10,2023-01-01
ASIA,Bahrain,2023,Feb,12,0,12,2023-02-01
ASIA,Bahrain,2023,Mar,30,0,30,2023-03-01
ASIA,Bahrain,2023,Apr,51,0,51,2023-04-01
ASIA,Bahrain,2023,May,18,0,18,2023-05-01
ASIA,Bahrain,2023,Jun,33,0,33,2023-06-01
ASIA,Bahrain,2023,Jul,42,0,42,2023-07-01
ASIA,Bahrain,2023,Aug,29,0,29,2023-08-01
ASIA,Bahrain,2023,Sep,25,0,25,2023-09-01
ASIA,Bahrain,2023,Oct,8,0,8,2023-10-01
ASIA,Bahrain,2023,Nov,14,0,14,2023-11-01
ASIA,Bahrain,2023,Dec,30,0,30,2023-12-01
ASIA,Bangladesh,2023,Jan,53,0,53,2023-01-01
ASIA,Bangladesh,2023,Feb,37,0,37,2023-02-01
ASIA,Bangladesh,2023,Mar,30,0,30,2023-03-01
ASIA,Bangladesh,2023,Apr,37,0,37,2023-04-01
ASIA,Bangladesh,2023,May,46,1,47,2023-05-01
ASIA,Bangladesh,2023,Jun,54,2,56,2023-06-01
ASIA,Bangladesh,2023,Jul,58,2,60,2023-07-01
ASIA,Bangladesh,2023,Aug,58,1,59,2023-08-01
ASIA,Bangladesh,2023,Sep,28,0,28,2023-09-01
ASIA,Bangladesh,2023,Oct,24,0,24,2023-10-01
ASIA,Bangladesh,2023,Nov,45,0,45,2023-11-01
ASIA,Bangladesh,2023,Dec,37,0,37,2023-12-01
ASIA,Hong Kong SAR,2023,Jan,23,0,23,2023-01-01
ASIA,Hong Kong SAR,2023,Feb,15,0,15,2023-02-01
ASIA,Hong Kong SAR,2023,Mar,37,3,40,2023-03-01
ASIA,Hong Kong SAR,2023,Apr,44,0,44,2023-04-01
ASIA,Hong Kong SAR,2023,May,31,0,31,2023-05-01
ASIA,Hong Kong SAR,2023,Jun,75,0,75,2023-06-01
ASIA,Hong Kong SAR,2023,Jul,67,0,67,2023-07-01
ASIA,Hong Kong SAR,2023,Aug,109,0,109,2023-08-01
ASIA,Hong Kong SAR,2023,Sep,33,0,33,2023-09-01
ASIA,Hong Kong SAR,2023,Oct,56,0,56,2023-10-01
ASIA,Hong Kong SAR,2023,Nov,36,2,38,2023-11-01
ASIA,Hong Kong SAR,2023,Dec,76,0,76,2023-12-01
ASIA,India,2023,Jan,2361,13,2374,2023-01-01
ASIA,India,2023,Feb,2360,47,2407,2023-02-01
ASIA,India,2023,Mar,3102,14,3116,2023-03-01
ASIA,India,2023,Apr,3555,11,3566,2023-04-01
ASIA,India,2023,May,7887,23,7910,2023-05-01
ASIA,India,2023,Jun,8119,30,8149,2023-06-01
ASIA,India,2023,Jul,5210,11,5221,2023-07-01
ASIA,India,2023,Aug,4647,30,4677,2023-08-01
ASIA,India,2023,Sep,3958,12,3970,2023-09-01
ASIA,India,2023,Oct,3305,37,3342,2023-10-01
ASIA,India,2023,Nov,4175,15,4190,2023-11-01
ASIA,India,2023,Dec,5157,58,5215,2023-12-01
ASIA,Indonesia,2023,Jan,68,61,129,2023-01-01
ASIA,Indonesia,2023,Feb,214,171,385,2023-02-01
ASIA,Indonesia,2023,Mar,298,62,360,2023-03-01
ASIA,Indonesia,2023,Apr,108,28,136,2023-04-01
ASIA,Indonesia,2023,May,43,3,46,2023-05-01
ASIA,Indonesia,2023,Jun,87,80,167,2023-06-01
ASIA,Indonesia,2023,Jul,80,48,128,2023-07-01
ASIA,Indonesia,2023,Aug,188,98,286,2023-08-01
ASIA,Indonesia,2023,Sep,204,199,403,2023-09-01
ASIA,Indonesia,2023,Oct,91,21,112,2023-10-01
ASIA,Indonesia,2023,Nov,73,28,101,2023-11-01
ASIA,Indonesia,2023,Dec,70,68,138,2023-12-01
ASIA,Iran,2023,Jan,13,0,13,2023-01-01
ASIA,Iran,2023,Feb,5,0,5,2023-02-01
ASIA,Iran,2023,Mar,91,0,91,2023-03-01
ASIA,Iran,2023,Apr,10,0,10,2023-04-01
ASIA,Iran,2023,May,7,0,7,2023-05-01
ASIA,Iran,2023,Jun,22,0,22,2023-06-01
ASIA,Iran,2023,Jul,14,0,14,2023-07-01
ASIA,Iran,2023,Aug,19,0,19,2023-08-01
ASIA,Iran,2023,Sep,24,0,24,2023-09-01
ASIA,Iran,2023,Oct,21,0,21,2023-10-01
ASIA,Iran,2023,Nov,16,0,16,2023-11-01
ASIA,Iran,2023,Dec,11,0,11,2023-12-01
ASIA,Israel,2023,Jan,293,0,293,2023-01-01
ASIA,Israel,2023,Feb,273,2,275,2023-02-01
ASIA,Israel,2023,Mar,319,1,320,2023-03-01
ASIA,Israel,2023,Apr,752,0,752,2023-04-01
ASIA,Israel,2023,May,202,0,202,2023-05-01
ASIA,Israel,2023,Jun,215,0,215,2023-06-01
ASIA,Israel,2023,Jul,282,0,282,2023-07-01
ASIA,Israel,2023,Aug,510,0,510,2023-08-01
ASIA,Israel,2023,Sep,804,0,804,2023-09-01
ASIA,Israel,2023,Oct,166,0,166,2023-10-01
ASIA,Israel,2023,Nov,28,0,28,2023-11-01
ASIA,Israel,2023,Dec,49,0,49,2023-12-01
ASIA,Japan,2023,Jan,68,248,316,2023-01-01
ASIA,Japan,2023,Feb,48,0,48,2023-02-01
ASIA,Japan,2023,Mar,56,4,60,2023-03-01
ASIA,Japan,2023,Apr,62,2,64,2023-04-01
ASIA,Japan,2023,May,70,0,70,2023-05-01
ASIA,Japan,2023,Jun,80,0,80,2023-06-01
ASIA,Japan,2023,Jul,105,0,105,2023-07-01
ASIA,Japan,2023,Aug,83,0,83,2023-08-01
ASIA,Japan,2023,Sep,128,0,128,2023-09-01
ASIA,Japan,2023,Oct,104,1,105,2023-10-01
ASIA,Japan,2023,Nov,93,4,97,2023-11-01
ASIA,Japan,2023,Dec,90,0,90,2023-12-01
ASIA,Jordan,2023,Jan,12,0,12,2023-01-01
ASIA,Jordan,2023,Feb,14,0,14,2023-02-01
ASIA,Jordan,2023,Mar,17,0,17,2023-03-01
ASIA,Jordan,2023,Apr,33,0,33,2023-04-01
ASIA,Jordan,2023,May,25,0,25,2023-05-01
ASIA,Jordan,2023,Jun,38,0,38,2023-06-01
ASIA,Jordan,2023,Jul,15,0,15,2023-07-01
ASIA,Jordan,2023,Aug,10,0,10,2023-08-01
ASIA,Jordan,2023,Sep,13,0,13,2023-09-01
ASIA,Jordan,2023,Oct,6,0,6,2023-10-01
ASIA,Jordan,2023,Nov,14,1,15,2023-11-01
ASIA,Jordan,2023,Dec,17,0,17,2023-12-01
ASIA,Korea Republic,2023,Jan,189,0,189,2023-01-01
ASIA,Korea Republic,2023,Feb,221,1,222,2023-02-01
ASIA,Korea Republic,2023,Mar,230,9,239,2023-03-01
ASIA,Korea Republic,2023,Apr,250,23,273,2023-04-01
ASIA,Korea Republic,2023,May,351,28,379,2023-05-01
ASIA,Korea Republic,2023,Jun,306,18,324,2023-06-01
ASIA,Korea Republic,2023,Jul,294,6,300,2023-07-01
ASIA,Korea Republic,2023,Aug,253,0,253,2023-08-01
ASIA,Korea Republic,2023,Sep,246,1,247,2023-09-01
ASIA,Korea Republic,2023,Oct,352,4,356,2023-10-01
ASIA,Korea Republic,2023,Nov,463,1,464,2023-11-01
ASIA,Korea Republic,2023,Dec,347,5,352,2023-12-01
ASIA,Kuwait,2023,Jan,38,0,38,2023-01-01
ASIA,Kuwait,2023,Feb,25,0,25,2023-02-01
ASIA,Kuwait,2023,Mar,25,0,25,2023-03-01
ASIA,Kuwait,2023,Apr,44,0,44,2023-04-01
ASIA,Kuwait,2023,May,58,0,58,2023-05-01
ASIA,Kuwait,2023,Jun,134,0,134,2023-06-01
ASIA,Kuwait,2023,Jul,171,0,171,2023-07-01
ASIA,Kuwait,2023,Aug,203,0,203,2023-08-01
ASIA,Kuwait,2023,Sep,95,0,95,2023-09-01
ASIA,Kuwait,2023,Oct,33,0,33,2023-10-01
ASIA,Kuwait,2023,Nov,17,0,17,2023-11-01
ASIA,Kuwait,2023,Dec,33,0,33,2023-12-01
ASIA,Lebanon,2023,Jan,15,0,15,2023-01-01
ASIA,Lebanon,2023,Feb,12,0,12,2023-02-01
ASIA,Lebanon,2023,Mar,33,0,33,2023-03-01
ASIA,Lebanon,2023,Apr,62,0,62,2023-04-01
ASIA,Lebanon,2023,May,14,0,14,2023-05-01
ASIA,Lebanon,2023,Jun,25,0,25,2023-06-01
ASIA,Lebanon,2023,Jul,15,0,15,2023-07-01
ASIA,Lebanon,2023,Aug,26,0,26,2023-08-01
ASIA,Lebanon,2023,Sep,24,0,24,2023-09-01
ASIA,Lebanon,2023,Oct,24,0,24,2023-10-01
ASIA,Lebanon,2023,Nov,19,0,19,2023-11-01
ASIA,Lebanon,2023,Dec,16,0,16,2023-12-01
ASIA,MIDDLE EAST countries,2023,Jan,1711,0,1711,2023-01-01
ASIA,MIDDLE EAST countries,2023,Feb,1720,0,1720,2023-02-01
ASIA,MIDDLE EAST countries,2023,Mar,2915,0,2915,2023-03-01
ASIA,MIDDLE EAST countries,2023,Apr,3139,0,3139,2023-04-01
ASIA,MIDDLE EAST countries,2023,May,2809,0,2809,2023-05-01
ASIA,MIDDLE EAST countries,2023,Jun,6289,2,6291,2023-06-01
ASIA,MIDDLE EAST countries,2023,Jul,6126,1,6127,2023-07-01
ASIA,MIDDLE EAST countries,2023,Aug,4829,2,4831,2023-08-01
ASIA,MIDDLE EAST countries,2023,Sep,2908,0,2908,2023-09-01
ASIA,MIDDLE EAST countries,2023,Oct,1940,0,1940,2023-10-01
ASIA,MIDDLE EAST countries,2023,Nov,2120,1,2121,2023-11-01
ASIA,MIDDLE EAST countries,2023,Dec,1862,0,1862,2023-12-01
ASIA,Malaysia,2023,Jan,74,0,74,2023-01-01
ASIA,Malaysia,2023,Feb,41,0,41,2023-02-01
ASIA,Malaysia,2023,Mar,63,5,68,2023-03-01
ASIA,Malaysia,2023,Apr,93,1,94,2023-04-01
ASIA,Malaysia,2023,May,67,1,68,2023-05-01
ASIA,Malaysia,2023,Jun,189,3,192,2023-06-01
ASIA,Malaysia,2023,Jul,145,1,146,2023-07-01
ASIA,Malaysia,2023,Aug,82,1,83,2023-08-01
ASIA,Malaysia,2023,Sep,239,0,239,2023-09-01
ASIA,Malaysia,2023,Oct,104,0,104,2023-10-01
ASIA,Malaysia,2023,Nov,121,3,124,2023-11-01
ASIA,Malaysia,2023,Dec,76,6,82,2023-12-01
ASIA,Maldives,2023,Jan,3,0,3,2023-01-01
ASIA,Maldives,2023,Feb,2,0,2,2023-02-01
ASIA,Maldives,2023,Mar,1,0,1,2023-03-01
ASIA,Maldives,2023,Apr,6,0,6,2023-04-01
ASIA,Maldives,2023,May,4,0,4,2023-05-01
ASIA,Maldives,2023,Jun,8,0,8,2023-06-01
ASIA,Maldives,2023,Jul,12,0,12,2023-07-01
ASIA,Maldives,2023,Aug,2,0,2,2023-08-01
ASIA,Maldives,2023,Sep,7,0,7,2023-09-01
ASIA,Maldives,2023,Oct,2,0,2,2023-10-01
ASIA,Maldives,2023,Nov,3,0,3,2023-11-01
ASIA,Maldives,2023,Dec,9,0,9,2023-12-01
ASIA,Nepal,2023,Jan,33,0,33,2023-01-01
ASIA,Nepal,2023,Feb,59,0,59,2023-02-01
ASIA,Nepal,2023,Mar,17,0,17,2023-03-01
ASIA,Nepal,2023,Apr,19,1,20,2023-04-01
ASIA,Nepal,2023,May,32,1,33,2023-05-01
ASIA,Nepal,2023,Jun,52,2,54,2023-06-01
ASIA,Nepal,2023,Jul,106,0,106,2023-07-01
ASIA,Nepal,2023,Aug,114,0,114,2023-08-01
ASIA,Nepal,2023,Sep,89,0,89,2023-09-01
ASIA,Nepal,2023,Oct,152,0,152,2023-10-01
ASIA,Nepal,2023,Nov,79,0,79,2023-11-01
ASIA,Nepal,2023,Dec,158,1,159,2023-12-01
ASIA,Oman,2023,Jan,11,0,11,2023-01-01
ASIA,Oman,2023,Feb,5,0,5,2023-02-01
ASIA,Oman,2023,Mar,20,0,20,2023-03-01
ASIA,Oman,2023,Apr,21,0,21,2023-04-01
ASIA,Oman,2023,May,16,0,16,2023-05-01
ASIA,Oman,2023,Jun,29,1,30,2023-06-01
ASIA,Oman,2023,Jul,41,0,41,2023-07-01
ASIA,Oman,2023,Aug,16,2,18,2023-08-01
ASIA,Oman,2023,Sep,11,0,11,2023-09-01
ASIA,Oman,2023,Oct,10,0,10,2023-10-01
ASIA,Oman,2023,Nov,10,0,10,2023-11-01
ASIA,Oman,2023,Dec,18,0,18,2023-12-01
ASIA,Pakistan,2023,Jan,46,1,47,2023-01-01
ASIA,Pakistan,2023,Feb,43,2,45,2023-02-01
ASIA,Pakistan,2023,Mar,55,2,57,2023-03-01
ASIA,Pakistan,2023,Apr,51,0,51,2023-04-01
ASIA,Pakistan,2023,May,37,0,37,2023-05-01
ASIA,Pakistan,2023,Jun,69,4,73,2023-06-01
ASIA,Pakistan,2023,Jul,73,3,76,2023-07-01
ASIA,Pakistan,2023,Aug,35,28,63,2023-08-01
ASIA,Pakistan,2023,Sep,69,10,79,2023-09-01
ASIA,Pakistan,2023,Oct,42,0,42,2023-10-01
ASIA,Pakistan,2023,Nov,64,0,64,2023-11-01
ASIA,Pakistan,2023,Dec,31,1,32,2023-12-01
ASIA,People's Rep. of China,2023,Jan,314,23,337,2023-01-01
ASIA,People's Rep. of China,2023,Feb,223,17,240,2023-02-01
ASIA,People's Rep. of China,2023,Mar,385,11,396,2023-03-01
ASIA,People's Rep. of China,2023,Apr,516,0,516,2023-04-01
ASIA,People's Rep. of China,2023,May,482,10,492,2023-05-01
ASIA,People's Rep. of China,2023,Jun,697,28,725,2023-06-01
ASIA,People's Rep. of China,2023,Jul,990,14,1004,2023-07-01
ASIA,People's Rep. of China,2023,Aug,1078,54,1132,2023-08-01
ASIA,People's Rep. of China,2023,Sep,1135,57,1192,2023-09-01
ASIA,People's Rep. of China,2023,Oct,743,3,746,2023-10-01
ASIA,People's Rep. of China,2023,Nov,471,24,495,2023-11-01
ASIA,People's Rep. of China,2023,Dec,674,17,691,2023-12-01
ASIA,Philippines,2023,Jan,154,110,264,2023-01-01
ASIA,Philippines,2023,Feb,197,142,339,2023-02-01
ASIA,Philippines,2023,Mar,219,58,277,2023-03-01
ASIA,Philippines,2023,Apr,116,32,148,2023-04-01
ASIA,Philippines,2023,May,135,47,182,2023-05-01
ASIA,Philippines,2023,Jun,136,100,236,2023-06-01
ASIA,Philippines,2023,Jul,187,66,253,2023-07-01
ASIA,Philippines,2023,Aug,211,149,360,2023-08-01
ASIA,Philippines,2023,Sep,242,174,416,2023-09-01
ASIA,Philippines,2023,Oct,137,72,209,2023-10-01
ASIA,Philippines,2023,Nov,86,19,105,2023-11-01
ASIA,Philippines,2023,Dec,173,75,248,2023-12-01
ASIA,Qatar,2023,Jan,12,0,12,2023-01-01
ASIA,Qatar,2023,Feb,14,0,14,2023-02-01
ASIA,Qatar,2023,Mar,13,0,13,2023-03-01
ASIA,Qatar,2023,Apr,50,0,50,2023-04-01
ASIA,Qatar,2023,May,27,0,27,2023-05-01
ASIA,Qatar,2023,Jun,50,0,50,2023-06-01
ASIA,Qatar,2023,Jul,68,0,68,2023-07-01
ASIA,Qatar,2023,Aug,39,0,39,2023-08-01
ASIA,Qatar,2023,Sep,9,0,9,2023-09-01
ASIA,Qatar,2023,Oct,18,0,18,2023-10-01
ASIA,Qatar,2023,Nov,7,0,7,2023-11-01
ASIA,Qatar,2023,Dec,36,0,36,2023-12-01
ASIA,Saudi Arabia,2023,Jan,1015,0,1015,2023-01-01
ASIA,Saudi Arabia,2023,Feb,853,0,853,2023-02-01
ASIA,Saudi Arabia,2023,Mar,1295,0,1295,2023-03-01
ASIA,Saudi Arabia,2023,Apr,1340,0,1340,2023-04-01
ASIA,Saudi Arabia,2023,May,1570,0,1570,2023-05-01
ASIA,Saudi Arabia,2023,Jun,3346,1,3347,2023-06-01
ASIA,Saudi Arabia,2023,Jul,3890,0,3890,2023-07-01
ASIA,Saudi Arabia,2023,Aug,2929,0,2929,2023-08-01
ASIA,Saudi Arabia,2023,Sep,1785,0,1785,2023-09-01
ASIA,Saudi Arabia,2023,Oct,885,0,885,2023-10-01
ASIA,Saudi Arabia,2023,Nov,1427,0,1427,2023-11-01
ASIA,Saudi Arabia,2023,Dec,786,0,786,2023-12-01
ASIA,Singapore,2023,Jan,61,0,61,2023-01-01
ASIA,Singapore,2023,Feb,55,0,55,2023-02-01
ASIA,Singapore,2023,Mar,116,0,116,2023-03-01
ASIA,Singapore,2023,Apr,122,1,123,2023-04-01
ASIA,Singapore,2023,May,93,0,93,2023-05-01
ASIA,Singapore,2023,Jun,182,0,182,2023-06-01
ASIA,Singapore,2023,Jul,159,0,159,2023-07-01
ASIA,Singapore,2023,Aug,187,1,188,2023-08-01
ASIA,Singapore,2023,Sep,148,0,148,2023-09-01
ASIA,Singapore,2023,Oct,116,0,116,2023-10-01
ASIA,Singapore,2023,Nov,138,1,139,2023-11-01
ASIA,Singapore,2023,Dec,306,1,307,2023-12-01
ASIA,Sri Lanka,2023,Jan,14,1,15,2023-01-01
ASIA,Sri Lanka,2023,Feb,48,1,49,2023-02-01
ASIA,Sri Lanka,2023,Mar,99,8,107,2023-03-01
ASIA,Sri Lanka,2023,Apr,60,2,62,2023-04-01
ASIA,Sri Lanka,2023,May,87,1,88,2023-05-01
ASIA,Sri Lanka,2023,Jun,51,13,64,2023-06-01
ASIA,Sri Lanka,2023,Jul,68,2,70,2023-07-01
ASIA,Sri Lanka,2023,Aug,83,6,89,2023-08-01
ASIA,Sri Lanka,2023,Sep,53,12,65,2023-09-01
ASIA,Sri Lanka,2023,Oct,57,2,59,2023-10-01
ASIA,Sri Lanka,2023,Nov,88,0,88,2023-11-01
ASIA,Sri Lanka,2023,Dec,96,12,108,2023-12-01
ASIA,"Taiwan, China",2023,Jan,36,6,42,2023-01-01
ASIA,"Taiwan, China",2023,Feb,131,12,143,2023-02-01
ASIA,"Taiwan, China",2023,Mar,64,10,74,2023-03-01
ASIA,"Taiwan, China",2023,Apr,45,1,46,2023-04-01
ASIA,"Taiwan, China",2023,May,82,0,82,2023-05-01
ASIA,"Taiwan, China",2023,Jun,83,4,87,2023-06-01
ASIA,"Taiwan, China",2023,Jul,68,1,69,2023-07-01
ASIA,"Taiwan, China",2023,Aug,71,9,80,2023-08-01
ASIA,"Taiwan, China",2023,Sep,99,22,121,2023-09-01
ASIA,"Taiwan, China",2023,Oct,62,6,68,2023-10-01
ASIA,"Taiwan, China",2023,Nov,50,0,50,2023-11-01
ASIA,"Taiwan, China",2023,Dec,41,0,41,2023-12-01
ASIA,Thailand,2023,Jan,14,0,14,2023-01-01
ASIA,Thailand,2023,Feb,10,0,10,2023-02-01
ASIA,Thailand,2023,Mar,50,0,50,2023-03-01
ASIA,Thailand,2023,Apr,58,0,58,2023-04-01
ASIA,Thailand,2023,May,27,0,27,2023-05-01
ASIA,Thailand,2023,Jun,41,4,45,2023-06-01
ASIA,Thailand,2023,Jul,38,0,38,2023-07-01
ASIA,Thailand,2023,Aug,48,0,48,2023-08-01
ASIA,Thailand,2023,Sep,54,0,54,2023-09-01
ASIA,Thailand,2023,Oct,47,1,48,2023-10-01
ASIA,Thailand,2023,Nov,41,0,41,2023-11-01
ASIA,Thailand,2023,Dec,26,1,27,2023-12-01
ASIA,United Arab Emirates,2023,Jan,576,0,576,2023-01-01
ASIA,United Arab Emirates,2023,Feb,779,0,779,2023-02-01
ASIA,United Arab Emirates,2023,Mar,1382,0,1382,2023-03-01
ASIA,United Arab Emirates,2023,Apr,1525,0,1525,2023-04-01
ASIA,United Arab Emirates,2023,May,1068,0,1068,2023-05-01
ASIA,United Arab Emirates,2023,Jun,2602,0,2602,2023-06-01
ASIA,United Arab Emirates,2023,Jul,1861,0,1861,2023-07-01
ASIA,United Arab Emirates,2023,Aug,1553,0,1553,2023-08-01
ASIA,United Arab Emirates,2023,Sep,908,0,908,2023-09-01
ASIA,United Arab Emirates,2023,Oct,934,0,934,2023-10-01
ASIA,United Arab Emirates,2023,Nov,593,0,593,2023-11-01
ASIA,United Arab Emirates,2023,Dec,906,0,906,2023-12-01
ASIA,Vietnam,2023,Jan,20,9,29,2023-01-01
ASIA,Vietnam,2023,Feb,60,40,100,2023-02-01
ASIA,Vietnam,2023,Mar,20,1,21,2023-03-01
ASIA,Vietnam,2023,Apr,37,0,37,2023-04-01
ASIA,Vietnam,2023,May,16,1,17,2023-05-01
ASIA,Vietnam,2023,Jun,13,2,15,2023-06-01
ASIA,Vietnam,2023,Jul,27,5,32,2023-07-01
ASIA,Vietnam,2023,Aug,25,6,31,2023-08-01
ASIA,Vietnam,2023,Sep,18,1,19,2023-09-01
ASIA,Vietnam,2023,Oct,19,5,24,2023-10-01
ASIA,Vietnam,2023,Nov,25,2,27,2023-11-01
ASIA,Vietnam,2023,Dec,10,7,17,2023-12-01
EUROPE,Austria,2023,Jan,2328,28,2356,2023-01-01
EUROPE,Austria,2023,Feb,2338,38,2376,2023-02-01
EUROPE,Austria,2023,Mar,2071,42,2113,2023-03-01
EUROPE,Austria,2023,Apr,1586,2,1588,2023-04-01
EUROPE,Austria,2023,May,995,0,995,2023-05-01
EUROPE,Austria,2023,Jun,563,0,563,2023-06-01
EUROPE,Austria,2023,Jul,882,0,882,2023-07-01
EUROPE,Austria,2023,Aug,889,0,889,2023-08-01
EUROPE,Austria,2023,Sep,1040,0,1040,2023-09-01
EUROPE,Austria,2023,Oct,2228,0,2228,2023-10-01
EUROPE,Austria,2023,Nov,2671,122,2793,2023-11-01
EUROPE,Austria,2023,Dec,2073,105,2178,2023-12-01
EUROPE,Belarus,2023,Jan,88,0,88,2023-01-01
EUROPE,Belarus,2023,Feb,68,0,68,2023-02-01
EUROPE,Belarus,2023,Mar,129,0,129,2023-03-01
EUROPE,Belarus,2023,Apr,43,1,44,2023-04-01
EUROPE,Belarus,2023,May,30,0,30,2023-05-01
EUROPE,Belarus,2023,Jun,24,0,24,2023-06-01
EUROPE,Belarus,2023,Jul,18,0,18,2023-07-01
EUROPE,Belarus,2023,Aug,24,0,24,2023-08-01
EUROPE,Belarus,2023,Sep,26,0,26,2023-09-01
EUROPE,Belarus,2023,Oct,40,0,40,2023-10-01
EUROPE,Belarus,2023,Nov,49,1,50,2023-11-01
EUROPE,Belarus,2023,Dec,70,1,71,2023-12-01
EUROPE,Belgium,2023,Jan,1006,0,1006,2023-01-01
EUROPE,Belgium,2023,Feb,1117,3,1120,2023-02-01
EUROPE,Belgium,2023,Mar,874,30,904,2023-03-01
EUROPE,Belgium,2023,Apr,1733,0,1733,2023-04-01
EUROPE,Belgium,2023,May,1762,2,1764,2023-05-01
EUROPE,Belgium,2023,Jun,1141,0,1141,2023-06-01
EUROPE,Belgium,2023,Jul,2432,0,2432,2023-07-01
EUROPE,Belgium,2023,Aug,1345,0,1345,2023-08-01
EUROPE,Belgium,2023,Sep,1983,0,1983,2023-09-01
EUROPE,Belgium,2023,Oct,2443,0,2443,2023-10-01
EUROPE,Belgium,2023,Nov,1998,11,2009,2023-11-01
EUROPE,Belgium,2023,Dec,1623,28,1651,2023-12-01
EUROPE,Bulgaria,2023,Jan,417,0,417,2023-01-01
EUROPE,Bulgaria,2023,Feb,585,0,585,2023-02-01
EUROPE,Bulgaria,2023,Mar,409,9,418,2023-03-01
EUROPE,Bulgaria,2023,Apr,428,0,428,2023-04-01
EUROPE,Bulgaria,2023,May,135,3,138,2023-05-01
EUROPE,Bulgaria,2023,Jun,38,1,39,2023-06-01
EUROPE,Bulgaria,2023,Jul,29,0,29,2023-07-01
EUROPE,Bulgaria,2023,Aug,43,0,43,2023-08-01
EUROPE,Bulgaria,2023,Sep,52,0,52,2023-09-01
EUROPE,Bulgaria,2023,Oct,80,3,83,2023-10-01
EUROPE,Bulgaria,2023,Nov,243,2,245,2023-11-01
EUROPE,Bulgaria,2023,Dec,423,150,573,2023-12-01
EUROPE,CIS 2 countries,2023,Jan,2206,10,2216,2023-01-01
EUROPE,CIS 2 countries,2023,Feb,1679,16,1695,2023-02-01
EUROPE,CIS 2 countries,2023,Mar,2079,29,2108,2023-03-01
EUROPE,CIS 2 countries,2023,Apr,1833,23,1856,2023-04-01
EUROPE,CIS 2 countries,2023,May,1364,13,1377,2023-05-01
EUROPE,CIS 2 countries,2023,Jun,1153,23,1176,2023-06-01
EUROPE,CIS 2 countries,2023,Jul,1005,26,1031,2023-07-01
EUROPE,CIS 2 countries,2023,Aug,831,17,848,2023-08-01
EUROPE,CIS 2 countries,2023,Sep,1119,41,1160,2023-09-01
EUROPE,CIS 2 countries,2023,Oct,1311,8,1319,2023-10-01
EUROPE,CIS 2 countries,2023,Nov,1408,92,1500,2023-11-01
EUROPE,CIS 2 countries,2023,Dec,2999,41,3040,2023-12-01
EUROPE,Croatia,2023,Jan,159,2,161,2023-01-01
EUROPE,Croatia,2023,Feb,96,4,100,2023-02-01
EUROPE,Croatia,2023,Mar,70,0,70,2023-03-01
EUROPE,Croatia,2023,Apr,64,2,66,2023-04-01
EUROPE,Croatia,2023,May,59,1,60,2023-05-01
EUROPE,Croatia,2023,Jun,84,5,89,2023-06-01
EUROPE,Croatia,2023,Jul,31,4,35,2023-07-01
EUROPE,Croatia,2023,Aug,48,2,50,2023-08-01
EUROPE,Croatia,2023,Sep,34,6,40,2023-09-01
EUROPE,Croatia,2023,Oct,74,5,79,2023-10-01
EUROPE,Croatia,2023,Nov,90,3,93,2023-11-01
EUROPE,Croatia,2023,Dec,104,15,119,2023-12-01
EUROPE,Czech Republic,2023,Jan,1836,1,1837,2023-01-01
EUROPE,Czech Republic,2023,Feb,2802,0,2802,2023-02-01
EUROPE,Czech Republic,2023,Mar,2975,7,2982,2023-03-01
EUROPE,Czech Republic,2023,Apr,1501,0,1501,2023-04-01
EUROPE,Czech Republic,2023,May,552,0,552,2023-05-01
EUROPE,Czech Republic,2023,Jun,457,0,457,2023-06-01
EUROPE,Czech Republic,2023,Jul,519,0,519,2023-07-01
EUROPE,Czech Republic,2023,Aug,323,1,324,2023-08-01
EUROPE,Czech Republic,2023,Sep,661,0,661,2023-09-01
EUROPE,Czech Republic,2023,Oct,915,0,915,2023-10-01
EUROPE,Czech Republic,2023,Nov,1824,5,1829,2023-11-01
EUROPE,Czech Republic,2023,Dec,1200,11,1211,2023-12-01
EUROPE,Denmark,2023,Jan,1217,0,1217,2023-01-01
EUROPE,Denmark,2023,Feb,1453,4,1457,2023-02-01
EUROPE,Denmark,2023,Mar,920,34,954,2023-03-01
EUROPE,Denmark,2023,Apr,616,0,616,2023-04-01
EUROPE,Denmark,2023,May,318,0,318,2023-05-01
EUROPE,Denmark,2023,Jun,264,0,264,2023-06-01
EUROPE,Denmark,2023,Jul,952,1,953,2023-07-01
EUROPE,Denmark,2023,Aug,234,0,234,2023-08-01
EUROPE,Denmark,2023,Sep,316,0,316,2023-09-01
EUROPE,Denmark,2023,Oct,1115,0,1115,2023-10-01
EUROPE,Denmark,2023,Nov,749,17,766,2023-11-01
EUROPE,Denmark,2023,Dec,535,8,543,2023-12-01
EUROPE,Estonia,2023,Jan,304,0,304,2023-01-01
EUROPE,Estonia,2023,Feb,240,0,240,2023-02-01
EUROPE,Estonia,2023,Mar,190,0,190,2023-03-01
EUROPE,Estonia,2023,Apr,67,0,67,2023-04-01
EUROPE,Estonia,2023,May,13,0,13,2023-05-01
EUROPE,Estonia,2023,Jun,11,0,11,2023-06-01
EUROPE,Estonia,2023,Jul,19,0,19,2023-07-01
EUROPE,Estonia,2023,Aug,12,0,12,2023-08-01
EUROPE,Estonia,2023,Sep,23,0,23,2023-09-01
EUROPE,Estonia,2023,Oct,67,0,67,2023-10-01
EUROPE,Estonia,2023,Nov,164,0,164,2023-11-01
EUROPE,Estonia,2023,Dec,215,5,220,2023-12-01
EUROPE,Finland,2023,Jan,705,2,707,2023-01-01
EUROPE,Finland,2023,Feb,521,9,530,2023-02-01
EUROPE,Finland,2023,Mar,381,4,385,2023-03-01
EUROPE,Finland,2023,Apr,160,2,162,2023-04-01
EUROPE,Finland,2023,May,86,0,86,2023-05-01
EUROPE,Finland,2023,Jun,113,1,114,2023-06-01
EUROPE,Finland,2023,Jul,86,0,86,2023-07-01
EUROPE,Finland,2023,Aug,38,0,38,2023-08-01
EUROPE,Finland,2023,Sep,124,0,124,2023-09-01
EUROPE,Finland,2023,Oct,297,0,297,2023-10-01
EUROPE,Finland,2023,Nov,405,2,407,2023-11-01
EUROPE,Finland,2023,Dec,447,0,447,2023-12-01
EUROPE,France,2023,Jan,28020,2,28022,2023-01-01
EUROPE,France,2023,Feb,30154,57,30211,2023-02-01
EUROPE,France,2023,Mar,23366,223,23589,2023-03-01
EUROPE,France,2023,Apr,29713,3,29716,2023-04-01
EUROPE,France,2023,May,22653,11,22664,2023-05-01
EUROPE,France,2023,Jun,13092,31,13123,2023-06-01
EUROPE,France,2023,Jul,23600,3,23603,2023-07-01
EUROPE,France,2023,Aug,22129,3,22132,2023-08-01
EUROPE,France,2023,Sep,18008,1,18009,2023-09-01
EUROPE,France,2023,Oct,35176,20,35196,2023-10-01
EUROPE,France,2023,Nov,36275,62,36337,2023-11-01
EUROPE,France,2023,Dec,36615,305,36920,2023-12-01
EUROPE,Germany,2023,Jan,6984,1193,8177,2023-01-01
EUROPE,Germany,2023,Feb,7211,965,8176,2023-02-01
EUROPE,Germany,2023,Mar,9911,106,10017,2023-03-01
EUROPE,Germany,2023,Apr,10022,10,10032,2023-04-01
EUROPE,Germany,2023,May,10162,0,10162,2023-05-01
EUROPE,Germany,2023,Jun,7520,1,7521,2023-06-01
EUROPE,Germany,2023,Jul,6380,0,6380,2023-07-01
EUROPE,Germany,2023,Aug,8081,0,8081,2023-08-01
EUROPE,Germany,2023,Sep,12464,25,12489,2023-09-01
EUROPE,Germany,2023,Oct,11956,1,11957,2023-10-01
EUROPE,Germany,2023,Nov,12632,1741,14373,2023-11-01
EUROPE,Germany,2023,Dec,8136,3045,11181,2023-12-01
EUROPE,Greece,2023,Jan,105,7,112,2023-01-01
EUROPE,Greece,2023,Feb,85,3,88,2023-02-01
EUROPE,Greece,2023,Mar,81,7,88,2023-03-01
EUROPE,Greece,2023,Apr,69,2,71,2023-04-01
EUROPE,Greece,2023,May,43,8,51,2023-05-01
EUROPE,Greece,2023,Jun,52,13,65,2023-06-01
EUROPE,Greece,2023,Jul,48,2,50,2023-07-01
EUROPE,Greece,2023,Aug,54,4,58,2023-08-01
EUROPE,Greece,2023,Sep,51,9,60,2023-09-01
EUROPE,Greece,2023,Oct,67,7,74,2023-10-01
EUROPE,Greece,2023,Nov,108,4,112,2023-11-01
EUROPE,Greece,2023,Dec,145,4,149,2023-12-01
EUROPE,Hungary,2023,Jan,1035,0,1035,2023-01-01
EUROPE,Hungary,2023,Feb,703,0,703,2023-02-01
EUROPE,Hungary,2023,Mar,518,2,520,2023-03-01
EUROPE,Hungary,2023,Apr,347,0,347,2023-04-01
EUROPE,Hungary,2023,May,162,0,162,2023-05-01
EUROPE,Hungary,2023,Jun,153,0,153,2023-06-01
EUROPE,Hungary,2023,Jul,118,0,118,2023-07-01
EUROPE,Hungary,2023,Aug,118,0,118,2023-08-01
EUROPE,Hungary,2023,Sep,182,0,182,2023-09-01
EUROPE,Hungary,2023,Oct,364,0,364,2023-10-01
EUROPE,Hungary,2023,Nov,456,7,463,2023-11-01
EUROPE,Hungary,2023,Dec,586,16,602,2023-12-01
EUROPE,Ireland,2023,Jan,268,0,268,2023-01-01
EUROPE,Ireland,2023,Feb,134,0,134,2023-02-01
EUROPE,Ireland,2023,Mar,286,5,291,2023-03-01
EUROPE,Ireland,2023,Apr,283,1,284,2023-04-01
EUROPE,Ireland,2023,May,210,0,210,2023-05-01
EUROPE,Ireland,2023,Jun,295,0,295,2023-06-01
EUROPE,Ireland,2023,Jul,343,1,344,2023-07-01
EUROPE,Ireland,2023,Aug,306,1,307,2023-08-01
EUROPE,Ireland,2023,Sep,291,0,291,2023-09-01
EUROPE,Ireland,2023,Oct,264,0,264,2023-10-01
EUROPE,Ireland,2023,Nov,277,10,287,2023-11-01
EUROPE,Ireland,2023,Dec,401,2,403,2023-12-01
EUROPE,Italy,2023,Jan,2856,0,2856,2023-01-01
EUROPE,Italy,2023,Feb,1826,64,1890,2023-02-01
EUROPE,Italy,2023,Mar,2310,67,2377,2023-03-01
EUROPE,Italy,2023,Apr,2637,12,2649,2023-04-01
EUROPE,Italy,2023,May,1409,1,1410,2023-05-01
EUROPE,Italy,2023,Jun,1750,0,1750,2023-06-01
EUROPE,Italy,2023,Jul,1933,0,1933,2023-07-01
EUROPE,Italy,2023,Aug,3696,0,3696,2023-08-01
EUROPE,Italy,2023,Sep,2472,0,2472,2023-09-01
EUROPE,Italy,2023,Oct,2505,0,2505,2023-10-01
EUROPE,Italy,2023,Nov,2836,86,2922,2023-11-01
EUROPE,Italy,2023,Dec,3814,33,3847,2023-12-01
EUROPE,Kazakhstan,2023,Jan,103,0,103,2023-01-01
EUROPE,Kazakhstan,2023,Feb,67,0,67,2023-02-01
EUROPE,Kazakhstan,2023,Mar,92,2,94,2023-03-01
EUROPE,Kazakhstan,2023,Apr,26,0,26,2023-04-01
EUROPE,Kazakhstan,2023,May,13,0,13,2023-05-01
EUROPE,Kazakhstan,2023,Jun,26,0,26,2023-06-01
EUROPE,Kazakhstan,2023,Jul,45,0,45,2023-07-01
EUROPE,Kazakhstan,2023,Aug,9,0,9,2023-08-01
EUROPE,Kazakhstan,2023,Sep,10,0,10,2023-09-01
EUROPE,Kazakhstan,2023,Oct,13,0,13,2023-10-01
EUROPE,Kazakhstan,2023,Nov,31,2,33,2023-11-01
EUROPE,Kazakhstan,2023,Dec,49,0,49,2023-12-01
EUROPE,Latvia,2023,Jan,160,0,160,2023-01-01
EUROPE,Latvia,2023,Feb,92,3,95,2023-02-01
EUROPE,Latvia,2023,Mar,117,0,117,2023-03-01
EUROPE,Latvia,2023,Apr,33,2,35,2023-04-01
EUROPE,Latvia,2023,May,36,1,37,2023-05-01
EUROPE,Latvia,2023,Jun,18,1,19,2023-06-01
EUROPE,Latvia,2023,Jul,14,2,16,2023-07-01
EUROPE,Latvia,2023,Aug,13,1,14,2023-08-01
EUROPE,Latvia,2023,Sep,33,0,33,2023-09-01
EUROPE,Latvia,2023,Oct,120,1,121,2023-10-01
EUROPE,Latvia,2023,Nov,115,1,116,2023-11-01
EUROPE,Latvia,2023,Dec,110,3,113,2023-12-01
EUROPE,Lithuania,2023,Jan,247,1,248,2023-01-01
EUROPE,Lithuania,2023,Feb,251,0,251,2023-02-01
EUROPE,Lithuania,2023,Mar,190,0,190,2023-03-01
EUROPE,Lithuania,2023,Apr,168,0,168,2023-04-01
EUROPE,Lithuania,2023,May,56,0,56,2023-05-01
EUROPE,Lithuania,2023,Jun,88,0,88,2023-06-01
EUROPE,Lithuania,2023,Jul,60,0,60,2023-07-01
EUROPE,Lithuania,2023,Aug,67,0,67,2023-08-01
EUROPE,Lithuania,2023,Sep,64,0,64,2023-09-01
EUROPE,Lithuania,2023,Oct,114,0,114,2023-10-01
EUROPE,Lithuania,2023,Nov,197,6,203,2023-11-01
EUROPE,Lithuania,2023,Dec,106,3,109,2023-12-01
EUROPE,Luxembourg,2023,Jan,136,2,138,2023-01-01
EUROPE,Luxembourg,2023,Feb,141,6,147,2023-02-01
EUROPE,Luxembourg,2023,Mar,176,0,176,2023-03-01
EUROPE,Luxembourg,2023,Apr,410,1,411,2023-04-01
EUROPE,Luxembourg,2023,May,153,0,153,2023-05-01
EUROPE,Luxembourg,2023,Jun,79,0,79,2023-06-01
EUROPE,Luxembourg,2023,Jul,154,0,154,2023-07-01
EUROPE,Luxembourg,2023,Aug,425,0,425,2023-08-01
EUROPE,Luxembourg,2023,Sep,155,0,155,2023-09-01
EUROPE,Luxembourg,2023,Oct,223,0,223,2023-10-01
EUROPE,Luxembourg,2023,Nov,192,0,192,2023-11-01
EUROPE,Luxembourg,2023,Dec,222,12,234,2023-12-01
EUROPE,Netherlands,2023,Jan,713,133,846,2023-01-01
EUROPE,Netherlands,2023,Feb,638,4,642,2023-02-01
EUROPE,Netherlands,2023,Mar,648,39,687,2023-03-01
EUROPE,Netherlands,2023,Apr,1135,5,1140,2023-04-01
EUROPE,Netherlands,2023,May,824,0,824,2023-05-01
EUROPE,Netherlands,2023,Jun,823,0,823,2023-06-01
EUROPE,Netherlands,2023,Jul,1226,3,1229,2023-07-01
EUROPE,Netherlands,2023,Aug,1158,0,1158,2023-08-01
EUROPE,Netherlands,2023,Sep,1148,4,1152,2023-09-01
EUROPE,Netherlands,2023,Oct,856,1,857,2023-10-01
EUROPE,Netherlands,2023,Nov,868,94,962,2023-11-01
EUROPE,Netherlands,2023,Dec,869,19,888,2023-12-01
EUROPE,Norway,2023,Jan,348,0,348,2023-01-01
EUROPE,Norway,2023,Feb,521,3,524,2023-02-01
EUROPE,Norway,2023,Mar,389,20,409,2023-03-01
EUROPE,Norway,2023,Apr,333,0,333,2023-04-01
EUROPE,Norway,2023,May,173,0,173,2023-05-01
EUROPE,Norway,2023,Jun,354,1,355,2023-06-01
EUROPE,Norway,2023,Jul,729,0,729,2023-07-01
EUROPE,Norway,2023,Aug,125,0,125,2023-08-01
EUROPE,Norway,2023,Sep,225,0,225,2023-09-01
EUROPE,Norway,2023,Oct,291,3,294,2023-10-01
EUROPE,Norway,2023,Nov,299,19,318,2023-11-01
EUROPE,Norway,2023,Dec,463,1,464,2023-12-01
EUROPE,Poland,2023,Jan,1396,5,1401,2023-01-01
EUROPE,Poland,2023,Feb,1390,6,1396,2023-02-01
EUROPE,Poland,2023,Mar,1610,4,1614,2023-03-01
EUROPE,Poland,2023,Apr,1029,2,1031,2023-04-01
EUROPE,Poland,2023,May,889,3,892,2023-05-01
EUROPE,Poland,2023,Jun,1353,1,1354,2023-06-01
EUROPE,Poland,2023,Jul,1003,3,1006,2023-07-01
EUROPE,Poland,2023,Aug,922,0,922,2023-08-01
EUROPE,Poland,2023,Sep,1314,1,1315,2023-09-01
EUROPE,Poland,2023,Oct,1098,3,1101,2023-10-01
EUROPE,Poland,2023,Nov,1405,13,1418,2023-11-01
EUROPE,Poland,2023,Dec,971,103,1074,2023-12-01
EUROPE,Portugal,2023,Jan,265,1,266,2023-01-01
EUROPE,Portugal,2023,Feb,408,2,410,2023-02-01
EUROPE,Portugal,2023,Mar,352,14,366,2023-03-01
EUROPE,Portugal,2023,Apr,685,0,685,2023-04-01
EUROPE,Portugal,2023,May,338,0,338,2023-05-01
EUROPE,Portugal,2023,Jun,437,1,438,2023-06-01
EUROPE,Portugal,2023,Jul,427,1,428,2023-07-01
EUROPE,Portugal,2023,Aug,509,0,509,2023-08-01
EUROPE,Portugal,2023,Sep,609,0,609,2023-09-01
EUROPE,Portugal,2023,Oct,370,0,370,2023-10-01
EUROPE,Portugal,2023,Nov,337,11,348,2023-11-01
EUROPE,Portugal,2023,Dec,354,12,366,2023-12-01
EUROPE,Romania,2023,Jan,902,8,910,2023-01-01
EUROPE,Romania,2023,Feb,679,3,682,2023-02-01
EUROPE,Romania,2023,Mar,713,17,730,2023-03-01
EUROPE,Romania,2023,Apr,807,2,809,2023-04-01
EUROPE,Romania,2023,May,398,2,400,2023-05-01
EUROPE,Romania,2023,Jun,377,4,381,2023-06-01
EUROPE,Romania,2023,Jul,276,7,283,2023-07-01
EUROPE,Romania,2023,Aug,360,3,363,2023-08-01
EUROPE,Romania,2023,Sep,355,2,357,2023-09-01
EUROPE,Romania,2023,Oct,378,6,384,2023-10-01
EUROPE,Romania,2023,Nov,551,14,565,2023-11-01
EUROPE,Romania,2023,Dec,458,19,477,2023-12-01
EUROPE,Russian Federation,2023,Jan,1589,4,1593,2023-01-01
EUROPE,Russian Federation,2023,Feb,1273,7,1280,2023-02-01
EUROPE,Russian Federation,2023,Mar,1518,21,1539,2023-03-01
EUROPE,Russian Federation,2023,Apr,1583,9,1592,2023-04-01
EUROPE,Russian Federation,2023,May,1155,2,1157,2023-05-01
EUROPE,Russian Federation,2023,Jun,984,12,996,2023-06-01
EUROPE,Russian Federation,2023,Jul,821,16,837,2023-07-01
EUROPE,Russian Federation,2023,Aug,713,6,719,2023-08-01
EUROPE,Russian Federation,2023,Sep,955,25,980,2023-09-01
EUROPE,Russian Federation,2023,Oct,1080,5,1085,2023-10-01
EUROPE,Russian Federation,2023,Nov,1170,77,1247,2023-11-01
EUROPE,Russian Federation,2023,Dec,2550,26,2576,2023-12-01
EUROPE,Serbia,2023,Jan,176,0,176,2023-01-01
EUROPE,Serbia,2023,Feb,133,3,136,2023-02-01
EUROPE,Serbia,2023,Mar,149,2,151,2023-03-01
EUROPE,Serbia,2023,Apr,135,0,135,2023-04-01
EUROPE,Serbia,2023,May,73,0,73,2023-05-01
EUROPE,Serbia,2023,Jun,68,0,68,2023-06-01
EUROPE,Serbia,2023,Jul,36,0,36,2023-07-01
EUROPE,Serbia,2023,Aug,27,0,27,2023-08-01
EUROPE,Serbia,2023,Sep,112,0,112,2023-09-01
EUROPE,Serbia,2023,Oct,65,1,66,2023-10-01
EUROPE,Serbia,2023,Nov,57,3,60,2023-11-01
EUROPE,Serbia,2023,Dec,73,3,76,2023-12-01
EUROPE,Slovakia,2023,Jan,707,0,707,2023-01-01
EUROPE,Slovakia,2023,Feb,1218,0,1218,2023-02-01
EUROPE,Slovakia,2023,Mar,947,8,955,2023-03-01
EUROPE,Slovakia,2023,Apr,515,0,515,2023-04-01
EUROPE,Slovakia,2023,May,190,0,190,2023-05-01
EUROPE,Slovakia,2023,Jun,116,0,116,2023-06-01
EUROPE,Slovakia,2023,Jul,113,0,113,2023-07-01
EUROPE,Slovakia,2023,Aug,63,0,63,2023-08-01
EUROPE,Slovakia,2023,Sep,104,0,104,2023-09-01
EUROPE,Slovakia,2023,Oct,198,0,198,2023-10-01
EUROPE,Slovakia,2023,Nov,536,2,538,2023-11-01
EUROPE,Slovakia,2023,Dec,480,9,489,2023-12-01
EUROPE,Slovenia,2023,Jan,363,0,363,2023-01-01
EUROPE,Slovenia,2023,Feb,268,1,269,2023-02-01
EUROPE,Slovenia,2023,Mar,217,2,219,2023-03-01
EUROPE,Slovenia,2023,Apr,332,0,332,2023-04-01
EUROPE,Slovenia,2023,May,76,0,76,2023-05-01
EUROPE,Slovenia,2023,Jun,80,0,80,2023-06-01
EUROPE,Slovenia,2023,Jul,194,0,194,2023-07-01
EUROPE,Slovenia,2023,Aug,62,0,62,2023-08-01
EUROPE,Slovenia,2023,Sep,78,0,78,2023-09-01
EUROPE,Slovenia,2023,Oct,190,0,190,2023-10-01
EUROPE,Slovenia,2023,Nov,185,2,187,2023-11-01
EUROPE,Slovenia,2023,Dec,231,5,236,2023-12-01
EUROPE,Spain,2023,Jan,451,4,455,2023-01-01
EUROPE,Spain,2023,Feb,303,20,323,2023-02-01
EUROPE,Spain,2023,Mar,594,40,634,2023-03-01
EUROPE,Spain,2023,Apr,668,3,671,2023-04-01
EUROPE,Spain,2023,May,684,2,686,2023-05-01
EUROPE,Spain,2023,Jun,1743,5,1748,2023-06-01
EUROPE,Spain,2023,Jul,2074,4,2078,2023-07-01
EUROPE,Spain,2023,Aug,2608,4,2612,2023-08-01
EUROPE,Spain,2023,Sep,1950,13,1963,2023-09-01
EUROPE,Spain,2023,Oct,691,7,698,2023-10-01
EUROPE,Spain,2023,Nov,708,37,745,2023-11-01
EUROPE,Spain,2023,Dec,791,9,800,2023-12-01
EUROPE,Sweden,2023,Jan,1762,0,1762,2023-01-01
EUROPE,Sweden,2023,Feb,1392,4,1396,2023-02-01
EUROPE,Sweden,2023,Mar,718,10,728,2023-03-01
EUROPE,Sweden,2023,Apr,647,0,647,2023-04-01
EUROPE,Sweden,2023,May,219,0,219,2023-05-01
EUROPE,Sweden,2023,Jun,286,0,286,2023-06-01
EUROPE,Sweden,2023,Jul,324,0,324,2023-07-01
EUROPE,Sweden,2023,Aug,131,0,131,2023-08-01
EUROPE,Sweden,2023,Sep,198,0,198,2023-09-01
EUROPE,Sweden,2023,Oct,955,0,955,2023-10-01
EUROPE,Sweden,2023,Nov,967,4,971,2023-11-01
EUROPE,Sweden,2023,Dec,1757,4,1761,2023-12-01
EUROPE,Switzerland,2023,Jan,2098,25,2123,2023-01-01
EUROPE,Switzerland,2023,Feb,2132,40,2172,2023-02-01
EUROPE,Switzerland,2023,Mar,2202,23,2225,2023-03-01
EUROPE,Switzerland,2023,Apr,4690,4,4694,2023-04-01
EUROPE,Switzerland,2023,May,1857,6,1863,2023-05-01
EUROPE,Switzerland,2023,Jun,1033,0,1033,2023-06-01
EUROPE,Switzerland,2023,Jul,2536,0,2536,2023-07-01
EUROPE,Switzerland,2023,Aug,928,0,928,2023-08-01
EUROPE,Switzerland,2023,Sep,2912,0,2912,2023-09-01
EUROPE,Switzerland,2023,Oct,5596,1,5597,2023-10-01
EUROPE,Switzerland,2023,Nov,4423,194,4617,2023-11-01
EUROPE,Switzerland,2023,Dec,3815,70,3885,2023-12-01
EUROPE,Turkey,2023,Jan,815,3,818,2023-01-01
EUROPE,Turkey,2023,Feb,244,0,244,2023-02-01
EUROPE,Turkey,2023,Mar,333,13,346,2023-03-01
EUROPE,Turkey,2023,Apr,413,2,415,2023-04-01
EUROPE,Turkey,2023,May,253,0,253,2023-05-01
EUROPE,Turkey,2023,Jun,556,3,559,2023-06-01
EUROPE,Turkey,2023,Jul,261,0,261,2023-07-01
EUROPE,Turkey,2023,Aug,270,7,277,2023-08-01
EUROPE,Turkey,2023,Sep,251,2,253,2023-09-01
EUROPE,Turkey,2023,Oct,225,1,226,2023-10-01
EUROPE,Turkey,2023,Nov,338,113,451,2023-11-01
EUROPE,Turkey,2023,Dec,330,3,333,2023-12-01
EUROPE,Ukraine,2023,Jan,326,6,332,2023-01-01
EUROPE,Ukraine,2023,Feb,208,9,217,2023-02-01
EUROPE,Ukraine,2023,Mar,208,6,214,2023-03-01
EUROPE,Ukraine,2023,Apr,109,13,122,2023-04-01
EUROPE,Ukraine,2023,May,137,11,148,2023-05-01
EUROPE,Ukraine,2023,Jun,89,10,99,2023-06-01
EUROPE,Ukraine,2023,Jul,88,10,98,2023-07-01
EUROPE,Ukraine,2023,Aug,49,11,60,2023-08-01
EUROPE,Ukraine,2023,Sep,99,16,115,2023-09-01
EUROPE,Ukraine,2023,Oct,141,3,144,2023-10-01
EUROPE,Ukraine,2023,Nov,109,12,121,2023-11-01
EUROPE,Ukraine,2023,Dec,221,12,233,2023-12-01
EUROPE,United Kingdom,2023,Jan,8577,18,8595,2023-01-01
EUROPE,United Kingdom,2023,Feb,8605,3,8608,2023-02-01
EUROPE,United Kingdom,2023,Mar,12315,181,12496,2023-03-01
EUROPE,United Kingdom,2023,Apr,12350,88,12438,2023-04-01
EUROPE,United Kingdom,2023,May,12089,5,12094,2023-05-01
EUROPE,United Kingdom,2023,Jun,9168,25,9193,2023-06-01
EUROPE,United Kingdom,2023,Jul,12076,6,12082,2023-07-01
EUROPE,United Kingdom,2023,Aug,12778,3,12781,2023-08-01
EUROPE,United Kingdom,2023,Sep,13113,0,13113,2023-09-01
EUROPE,United Kingdom,2023,Oct,16214,4,16218,2023-10-01
EUROPE,United Kingdom,2023,Nov,13659,201,13860,2023-11-01
EUROPE,United Kingdom,2023,Dec,14360,35,14395,2023-12-01
OCEANIA,Australia,2023,Jan,1187,2,1189,2023-01-01
OCEANIA,Australia,2023,Feb,823,99,922,2023-02-01
OCEANIA,Australia,2023,Mar,1118,431,1549,2023-03-01
OCEANIA,Australia,2023,Apr,1712,12,1724,2023-04-01
OCEANIA,Australia,2023,May,1324,0,1324,2023-05-01
OCEANIA,Australia,2023,Jun,1381,5,1386,2023-06-01
OCEANIA,Australia,2023,Jul,1634,5,1639,2023-07-01
OCEANIA,Australia,2023,Aug,1642,0,1642,2023-08-01
OCEANIA,Australia,2023,Sep,2042,2,2044,2023-09-01
OCEANIA,Australia,2023,Oct,1811,1,1812,2023-10-01
OCEANIA,Australia,2023,Nov,1439,338,1777,2023-11-01
OCEANIA,Australia,2023,Dec,2650,29,2679,2023-12-01
OCEANIA,New Zealand,2023,Jan,53,7,60,2023-01-01
OCEANIA,New Zealand,2023,Feb,25,0,25,2023-02-01
OCEANIA,New Zealand,2023,Mar,75,120,195,2023-03-01
OCEANIA,New Zealand,2023,Apr,65,6,71,2023-04-01
OCEANIA,New Zealand,2023,May,48,4,52,2023-05-01
OCEANIA,New Zealand,2023,Jun,61,6,67,2023-06-01
OCEANIA,New Zealand,2023,Jul,78,1,79,2023-07-01
OCEANIA,New Zealand,2023,Aug,39,0,39,2023-08-01
OCEANIA,New Zealand,2023,Sep,56,14,70,2023-09-01
OCEANIA,New Zealand,2023,Oct,94,3,97,2023-10-01
OCEANIA,New Zealand,2023,Nov,54,98,152,2023-11-01
OCEANIA,New Zealand,2023,Dec,131,3,134,2023-12-01
