Country of disembarkation,Year,Arrivals
 Australia,1983,1120
 Australia,1984,1110
 Australia,1985,1090
 Australia,1986,1470
 Australia,1987,2000
 Australia,1988,1530
 Australia,1989,100
 Australia,1990,1260
 Australia,1991,1360
 Australia,1992,1800
 Australia,1993,1770
 Australia,1994,3012
 Australia,1995,2817
 Australia,1996,3799
 Australia,1997,3610
 Australia,1998,3326
 Australia,1999,3813
 Australia,2000,4696
 Australia,2001,4525
 Australia,2002,4705
 Australia,2003,5250
 Australia,2004,6760
 Australia,2005,7000
 Australia,2006,7904
 Australia,2007,9980
 Australia,2008,13310
 Australia,2009,8514
 Australia,2010,8690
 Australia,2011,9534
 Australia,2012,9251
 Australia,2013,7982
 Australia,2014,7281
 Australia,2015,8040
 Australia,2016,8019
 Australia,2017,8411
 Australia,2018,8848
 Australia,2019,8362
 Australia,2020,2042
 Australia,2021,n.ap
 Australia,2022,2412
 Australia,2023,9262
 Australia,2024,9214
 Australia,2025,9606
 Belgium,1983,150
 Belgium,1984,130
 Belgium,1985,160
 Belgium,1986,350
 Belgium,1987,270
 Belgium,1988,220
 Belgium,1989,20
 Belgium,1990,360
 Belgium,1991,370
 Belgium,1992,620
 Belgium,1993,600
 Belgium,1994,507
 Belgium,1995,584
 Belgium,1996,638
 Belgium,1997,763
 Belgium,1998,546
 Belgium,1999,992
 Belgium,2000,1923
 Belgium,2001,613
 Belgium,2002,561
 Belgium,2003,1103
 Belgium,2004,205
 Belgium,2005,26
 Belgium,2006,20
 Belgium,2007,88
 Belgium,2008,63
 Belgium,2009,3
 Belgium,2010,n.ap
 Belgium,2011,n.ap
 Belgium,2012,n.ap
 Belgium,2013,n.ap
 Belgium,2014,n.ap
 Belgium,2015,n.ap
 Belgium,2016,n.ap
 Belgium,2017,n.ap
 Belgium,2018,n.ap
 Belgium,2019,n.ap
 Belgium,2020,n.ap
 Belgium,2021,184
 Belgium,2022,2369
 Belgium,2023,1559
 Belgium,2024,n.ap
 Belgium,2025,n.ap
 Canada,1983,280
 Canada,1984,170
 Canada,1985,170
 Canada,1986,130
 Canada,1987,320
 Canada,1988,190
 Canada,1989,0
 Canada,1990,460
 Canada,1991,430
 Canada,1992,350
 Canada,1993,520
 Canada,1994,281
 Canada,1995,223
 Canada,1996,124
 Canada,1997,202
 Canada,1998,94
 Canada,1999,117
 Canada,2000,111
 Canada,2001,64
 Canada,2002,73
 Canada,2003,47
 Canada,2004,73
 Canada,2005,58
 Canada,2006,24
 Canada,2007,14
 Canada,2008,29
 Canada,2009,2
 Canada,2010,n.ap
 Canada,2011,n.ap
 Canada,2012,n.ap
 Canada,2013,n.ap
 Canada,2014,n.ap
 Canada,2015,n.ap
 Canada,2016,n.ap
 Canada,2017,n.ap
 Canada,2018,n.ap
 Canada,2019,n.ap
 Canada,2020,n.ap
 Canada,2021,n.ap
 Canada,2022,n.ap
 Canada,2023,n.ap
 Canada,2024,n.ap
 Canada,2025,n.ap
 France,1983,3620
 France,1984,4270
 France,1985,4130
 France,1986,4110
 France,1987,4040
 France,1988,5390
 France,1989,8320
 France,1990,7820
 France,1991,6570
 France,1992,6610
 France,1993,6410
 France,1994,16389
 France,1995,15765
 France,1996,18240
 France,1997,19672
 France,1998,17783
 France,1999,22415
 France,2000,24103
 France,2001,24159
 France,2002,25168
 France,2003,25396
 France,2004,27021
 France,2005,26840
 France,2006,30299
 France,2007,32118
 France,2008,34341
 France,2009,29992
 France,2010,29577
 France,2011,29631
 France,2012,35939
 France,2013,32180
 France,2014,29280
 France,2015,31752
 France,2016,31546
 France,2017,29268
 France,2018,28925
 France,2019,29683
 France,2020,8814
 France,2021,13540
 France,2022,36667
 France,2023,41187
 France,2024,35884
 France,2025,36546
 Germany,1983,900
 Germany,1984,1000
 Germany,1985,1320
 Germany,1986,1000
 Germany,1987,1560
 Germany,1988,1220
 Germany,1989,2280
 Germany,1990,1140
 Germany,1991,870
 Germany,1992,910
 Germany,1993,870
 Germany,1994,1710
 Germany,1995,1635
 Germany,1996,1557
 Germany,1997,1396
 Germany,1998,1607
 Germany,1999,1693
 Germany,2000,2172
 Germany,2001,2198
 Germany,2002,2134
 Germany,2003,3263
 Germany,2004,3166
 Germany,2005,2121
 Germany,2006,2151
 Germany,2007,2888
 Germany,2008,3151
 Germany,2009,2204
 Germany,2010,2532
 Germany,2011,2337
 Germany,2012,3428
 Germany,2013,1944
 Germany,2014,1639
 Germany,2015,1544
 Germany,2016,2440
 Germany,2017,3334
 Germany,2018,3904
 Germany,2019,3265
 Germany,2020,647
 Germany,2021,369
 Germany,2022,2660
 Germany,2023,3838
 Germany,2024,6276
 Germany,2025,5738
 Hong Kong SAR 3,1983,550
 Hong Kong SAR 3,1984,720
 Hong Kong SAR 3,1985,740
 Hong Kong SAR 3,1986,630
 Hong Kong SAR 3,1987,800
 Hong Kong SAR 3,1988,520
 Hong Kong SAR 3,1989,400
 Hong Kong SAR 3,1990,1460
 Hong Kong SAR 3,1991,1540
 Hong Kong SAR 3,1992,2440
 Hong Kong SAR 3,1993,2530
 Hong Kong SAR 3,1994,2375
 Hong Kong SAR 3,1995,2435
 Hong Kong SAR 3,1996,3039
 Hong Kong SAR 3,1997,2984
 Hong Kong SAR 3,1998,1931
 Hong Kong SAR 3,1999,2465
 Hong Kong SAR 3,2000,3966
 Hong Kong SAR 3,2001,5624
 Hong Kong SAR 3,2002,7304
 Hong Kong SAR 3,2003,3898
 Hong Kong SAR 3,2004,7117
 Hong Kong SAR 3,2005,9746
 Hong Kong SAR 3,2006,10379
 Hong Kong SAR 3,2007,11875
 Hong Kong SAR 3,2008,11773
 Hong Kong SAR 3,2009,11363
 Hong Kong SAR 3,2010,13840
 Hong Kong SAR 3,2011,11628
 Hong Kong SAR 3,2012,8359
 Hong Kong SAR 3,2013,7286
 Hong Kong SAR 3,2014,5198
 Hong Kong SAR 3,2015,4940
 Hong Kong SAR 3,2016,4596
 Hong Kong SAR 3,2017,4807
 Hong Kong SAR 3,2018,5090
 Hong Kong SAR 3,2019,5874
 Hong Kong SAR 3,2020,307
 Hong Kong SAR 3,2021,n.ap
 Hong Kong SAR 3,2022,n.ap
 Hong Kong SAR 3,2023,n.ap
 Hong Kong SAR 3,2024,n.ap
 Hong Kong SAR 3,2025,n.ap
 India,1983,2520
 India,1984,2400
 India,1985,2460
 India,1986,2270
 India,1987,2300
 India,1988,2670
 India,1989,3660
 India,1990,4740
 India,1991,4910
 India,1992,7280
 India,1993,6640
 India,1994,8326
 India,1995,9956
 India,1996,11141
 India,1997,12987
 India,1998,12809
 India,1999,13392
 India,2000,14376
 India,2001,15181
 India,2002,13768
 India,2003,14792
 India,2004,18405
 India,2005,17979
 India,2006,19321
 India,2007,21190
 India,2008,19210
 India,2009,17577
 India,2010,21447
 India,2011,21825
 India,2012,24393
 India,2013,22531
 India,2014,19436
 India,2015,19001
 India,2016,20848
 India,2017,22493
 India,2018,26607
 India,2019,31232
 India,2020,7320
 India,2021,2087
 India,2022,18187
 India,2023,31260
 India,2024,39354
 India,2025,53860
 Italy,1983,640
 Italy,1984,600
 Italy,1985,400
 Italy,1986,540
 Italy,1987,950
 Italy,1988,1460
 Italy,1989,650
 Italy,1990,1650
 Italy,1991,1740
 Italy,1992,1420
 Italy,1993,1630
 Italy,1994,1795
 Italy,1995,1778
 Italy,1996,2014
 Italy,1997,3149
 Italy,1998,2630
 Italy,1999,2808
 Italy,2000,3395
 Italy,2001,3057
 Italy,2002,3076
 Italy,2003,3088
 Italy,2004,3127
 Italy,2005,3643
 Italy,2006,3464
 Italy,2007,4404
 Italy,2008,4681
 Italy,2009,5009
 Italy,2010,5994
 Italy,2011,6315
 Italy,2012,2876
 Italy,2013,2507
 Italy,2014,2359
 Italy,2015,1595
 Italy,2016,1365
 Italy,2017,1873
 Italy,2018,856
 Italy,2019,890
 Italy,2020,576
 Italy,2021,n.ap
 Italy,2022,14
 Italy,2023,301
 Italy,2024,172
 Italy,2025,462
 Kenya,1983,n.ap
 Kenya,1984,n.ap
 Kenya,1985,n.ap
 Kenya,1986,n.ap
 Kenya,1987,n.ap
 Kenya,1988,n.ap
 Kenya,1989,n.ap
 Kenya,1990,n.ap
 Kenya,1991,n.ap
 Kenya,1992,n.ap
 Kenya,1993,n.ap
 Kenya,1994,n.ap
 Kenya,1995,n.ap
 Kenya,1996,n.ap
 Kenya,1997,n.ap
 Kenya,1998,n.ap
 Kenya,1999,n.ap
 Kenya,2000,n.ap
 Kenya,2001,n.ap
 Kenya,2002,n.ap
 Kenya,2003,n.ap
 Kenya,2004,n.ap
 Kenya,2005,n.ap
 Kenya,2006,n.ap
 Kenya,2007,n.ap
 Kenya,2008,n.ap
 Kenya,2009,n.ap
 Kenya,2010,n.ap
 Kenya,2011,n.ap
 Kenya,2012,n.ap
 Kenya,2013,2754
 Kenya,2014,2497
 Kenya,2015,2731
 Kenya,2016,2776
 Kenya,2017,2514
 Kenya,2018,4205
 Kenya,2019,8807
 Kenya,2020,1491
 Kenya,2021,741
 Kenya,2022,7071
 Kenya,2023,8444
 Kenya,2024,7157
 Kenya,2025,7999
 Malagasy Republic,1983,n.ap
 Malagasy Republic,1984,n.ap
 Malagasy Republic,1985,n.ap
 Malagasy Republic,1986,n.ap
 Malagasy Republic,1987,n.ap
 Malagasy Republic,1988,n.ap
 Malagasy Republic,1989,n.ap
 Malagasy Republic,1990,n.ap
 Malagasy Republic,1991,n.ap
 Malagasy Republic,1992,n.ap
 Malagasy Republic,1993,n.ap
 Malagasy Republic,1994,n.ap
 Malagasy Republic,1995,2201
 Malagasy Republic,1996,2425
 Malagasy Republic,1997,3163
 Malagasy Republic,1998,4224
 Malagasy Republic,1999,5130
 Malagasy Republic,2000,6187
 Malagasy Republic,2001,6518
 Malagasy Republic,2002,2928
 Malagasy Republic,2003,4743
 Malagasy Republic,2004,5794
 Malagasy Republic,2005,7710
 Malagasy Republic,2006,7154
 Malagasy Republic,2007,9499
 Malagasy Republic,2008,9074
 Malagasy Republic,2009,6822
 Malagasy Republic,2010,7814
 Malagasy Republic,2011,8894
 Malagasy Republic,2012,10073
 Malagasy Republic,2013,9051
 Malagasy Republic,2014,8662
 Malagasy Republic,2015,8698
 Malagasy Republic,2016,9378
 Malagasy Republic,2017,8418
 Malagasy Republic,2018,8833
 Malagasy Republic,2019,10701
 Malagasy Republic,2020,2441
 Malagasy Republic,2021,479
 Malagasy Republic,2022,6824
 Malagasy Republic,2023,10072
 Malagasy Republic,2024,10945
 Malagasy Republic,2025,11822
 Malaysia,1983,n.ap
 Malaysia,1984,n.ap
 Malaysia,1985,n.ap
 Malaysia,1986,n.ap
 Malaysia,1987,n.ap
 Malaysia,1988,n.ap
 Malaysia,1989,n.ap
 Malaysia,1990,n.ap
 Malaysia,1991,n.ap
 Malaysia,1992,n.ap
 Malaysia,1993,n.ap
 Malaysia,1994,n.ap
 Malaysia,1995,466
 Malaysia,1996,812
 Malaysia,1997,671
 Malaysia,1998,1853
 Malaysia,1999,2852
 Malaysia,2000,3782
 Malaysia,2001,3558
 Malaysia,2002,1634
 Malaysia,2003,1422
 Malaysia,2004,2334
 Malaysia,2005,871
 Malaysia,2006,951
 Malaysia,2007,1447
 Malaysia,2008,1940
 Malaysia,2009,1816
 Malaysia,2010,2320
 Malaysia,2011,3377
 Malaysia,2012,3769
 Malaysia,2013,8337
 Malaysia,2014,10957
 Malaysia,2015,12983
 Malaysia,2016,12912
 Malaysia,2017,5281
 Malaysia,2018,1670
 Malaysia,2019,2323
 Malaysia,2020,354
 Malaysia,2021,n.ap
 Malaysia,2022,3428
 Malaysia,2023,14420
 Malaysia,2024,17507
 Malaysia,2025,20062
 Netherlands,1983,n.ap
 Netherlands,1984,n.ap
 Netherlands,1985,n.ap
 Netherlands,1986,n.ap
 Netherlands,1987,n.ap
 Netherlands,1988,n.ap
 Netherlands,1989,n.ap
 Netherlands,1990,n.ap
 Netherlands,1991,n.ap
 Netherlands,1992,n.ap
 Netherlands,1993,n.ap
 Netherlands,1994,n.ap
 Netherlands,1995,n.ap
 Netherlands,1996,n.ap
 Netherlands,1997,n.ap
 Netherlands,1998,n.ap
 Netherlands,1999,n.ap
 Netherlands,2000,n.ap
 Netherlands,2001,n.ap
 Netherlands,2002,n.ap
 Netherlands,2003,n.ap
 Netherlands,2004,n.ap
 Netherlands,2005,n.ap
 Netherlands,2006,n.ap
 Netherlands,2007,n.ap
 Netherlands,2008,n.ap
 Netherlands,2009,n.ap
 Netherlands,2010,n.ap
 Netherlands,2011,n.ap
 Netherlands,2012,n.ap
 Netherlands,2013,n.ap
 Netherlands,2014,n.ap
 Netherlands,2015,n.ap
 Netherlands,2016,n.ap
 Netherlands,2017,158
 Netherlands,2018,1812
 Netherlands,2019,1603
 Netherlands,2020,n.ap
 Netherlands,2021,n.ap
 Netherlands,2022,1
 Netherlands,2023,n.ap
 Netherlands,2024,n.ap
 Netherlands,2025,n.ap
 People's Rep. of China,1983,n.ap
 People's Rep. of China,1984,n.ap
 People's Rep. of China,1985,n.ap
 People's Rep. of China,1986,n.ap
 People's Rep. of China,1987,n.ap
 People's Rep. of China,1988,n.ap
 People's Rep. of China,1989,n.ap
 People's Rep. of China,1990,n.ap
 People's Rep. of China,1991,n.ap
 People's Rep. of China,1992,n.ap
 People's Rep. of China,1993,n.ap
 People's Rep. of China,1994,n.ap
 People's Rep. of China,1995,n.ap
 People's Rep. of China,1996,n.ap
 People's Rep. of China,1997,n.ap
 People's Rep. of China,1998,n.ap
 People's Rep. of China,1999,n.ap
 People's Rep. of China,2000,n.ap
 People's Rep. of China,2001,n.ap
 People's Rep. of China,2002,n.ap
 People's Rep. of China,2003,n.ap
 People's Rep. of China,2004,n.ap
 People's Rep. of China,2005,n.ap
 People's Rep. of China,2006,n.ap
 People's Rep. of China,2007,n.ap
 People's Rep. of China,2008,n.ap
 People's Rep. of China,2009,n.ap
 People's Rep. of China,2010,n.ap
 People's Rep. of China,2011,1325
 People's Rep. of China,2012,2849
 People's Rep. of China,2013,2595
 People's Rep. of China,2014,2778
 People's Rep. of China,2015,3376
 People's Rep. of China,2016,3708
 People's Rep. of China,2017,5731
 People's Rep. of China,2018,2503
 People's Rep. of China,2019,2155
 People's Rep. of China,2020,144
 People's Rep. of China,2021,43
 People's Rep. of China,2022,1
 People's Rep. of China,2023,n.ap
 People's Rep. of China,2024,n.ap
 People's Rep. of China,2025,n.ap
 Reunion Island,1983,13450
 Reunion Island,1984,14240
 Reunion Island,1985,15230
 Reunion Island,1986,15040
 Reunion Island,1987,13580
 Reunion Island,1988,17120
 Reunion Island,1989,22570
 Reunion Island,1990,25950
 Reunion Island,1991,23680
 Reunion Island,1992,26110
 Reunion Island,1993,28520
 Reunion Island,1994,34317
 Reunion Island,1995,32962
 Reunion Island,1996,36127
 Reunion Island,1997,38941
 Reunion Island,1998,47162
 Reunion Island,1999,43826
 Reunion Island,2000,42096
 Reunion Island,2001,42331
 Reunion Island,2002,37245
 Reunion Island,2003,33980
 Reunion Island,2004,32274
 Reunion Island,2005,29994
 Reunion Island,2006,26661
 Reunion Island,2007,31311
 Reunion Island,2008,31493
 Reunion Island,2009,27484
 Reunion Island,2010,30366
 Reunion Island,2011,31642
 Reunion Island,2012,36615
 Reunion Island,2013,34582
 Reunion Island,2014,30887
 Reunion Island,2015,33710
 Reunion Island,2016,34228
 Reunion Island,2017,43561
 Reunion Island,2018,40081
 Reunion Island,2019,42719
 Reunion Island,2020,7842
 Reunion Island,2021,2991
 Reunion Island,2022,31464
 Reunion Island,2023,42127
 Reunion Island,2024,43625
 Reunion Island,2025,45684
 Saudi Arabia,1983,n.ap
 Saudi Arabia,1984,n.ap
 Saudi Arabia,1985,n.ap
 Saudi Arabia,1986,n.ap
 Saudi Arabia,1987,n.ap
 Saudi Arabia,1988,n.ap
 Saudi Arabia,1989,n.ap
 Saudi Arabia,1990,n.ap
 Saudi Arabia,1991,n.ap
 Saudi Arabia,1992,n.ap
 Saudi Arabia,1993,n.ap
 Saudi Arabia,1994,n.ap
 Saudi Arabia,1995,658
 Saudi Arabia,1996,1295
 Saudi Arabia,1997,1817
 Saudi Arabia,1998,1870
 Saudi Arabia,1999,2380
 Saudi Arabia,2000,2572
 Saudi Arabia,2001,1934
 Saudi Arabia,2002,1473
 Saudi Arabia,2003,960
 Saudi Arabia,2004,1942
 Saudi Arabia,2005,3257
 Saudi Arabia,2006,1383
 Saudi Arabia,2007,1379
 Saudi Arabia,2008,1288
 Saudi Arabia,2009,1229
 Saudi Arabia,2010,1563
 Saudi Arabia,2011,946
 Saudi Arabia,2012,n.ap
 Saudi Arabia,2013,n.ap
 Saudi Arabia,2014,n.ap
 Saudi Arabia,2015,n.ap
 Saudi Arabia,2016,n.ap
 Saudi Arabia,2017,1468
 Saudi Arabia,2018,5472
 Saudi Arabia,2019,5362
 Saudi Arabia,2020,548
 Saudi Arabia,2021,159
 Saudi Arabia,2022,6832
 Saudi Arabia,2023,13450
 Saudi Arabia,2024,17617
 Saudi Arabia,2025,16647
 Seychelles,1983,n.ap
 Seychelles,1984,n.ap
 Seychelles,1985,n.ap
 Seychelles,1986,n.ap
 Seychelles,1987,n.ap
 Seychelles,1988,n.ap
 Seychelles,1989,n.ap
 Seychelles,1990,n.ap
 Seychelles,1991,n.ap
 Seychelles,1992,n.ap
 Seychelles,1993,n.ap
 Seychelles,1994,n.ap
 Seychelles,1995,1481
 Seychelles,1996,975
 Seychelles,1997,1764
 Seychelles,1998,3807
 Seychelles,1999,3742
 Seychelles,2000,3461
 Seychelles,2001,3117
 Seychelles,2002,3689
 Seychelles,2003,3200
 Seychelles,2004,2977
 Seychelles,2005,5880
 Seychelles,2006,5939
 Seychelles,2007,6968
 Seychelles,2008,7809
 Seychelles,2009,6683
 Seychelles,2010,6587
 Seychelles,2011,4681
 Seychelles,2012,3990
 Seychelles,2013,4957
 Seychelles,2014,5630
 Seychelles,2015,9135
 Seychelles,2016,10383
 Seychelles,2017,10703
 Seychelles,2018,9509
 Seychelles,2019,8770
 Seychelles,2020,1941
 Seychelles,2021,639
 Seychelles,2022,3075
 Seychelles,2023,4314
 Seychelles,2024,4825
 Seychelles,2025,6011
 Singapore,1983,n.ap
 Singapore,1984,n.ap
 Singapore,1985,760
 Singapore,1986,1510
 Singapore,1987,6580
 Singapore,1988,9640
 Singapore,1989,13020
 Singapore,1990,8870
 Singapore,1991,9470
 Singapore,1992,8690
 Singapore,1993,9350
 Singapore,1994,10244
 Singapore,1995,8140
 Singapore,1996,8663
 Singapore,1997,9250
 Singapore,1998,11993
 Singapore,1999,13871
 Singapore,2000,14999
 Singapore,2001,10824
 Singapore,2002,11720
 Singapore,2003,7062
 Singapore,2004,8821
 Singapore,2005,9417
 Singapore,2006,9584
 Singapore,2007,9571
 Singapore,2008,9995
 Singapore,2009,8349
 Singapore,2010,10203
 Singapore,2011,9469
 Singapore,2012,10227
 Singapore,2013,7267
 Singapore,2014,2737
 Singapore,2015,1721
 Singapore,2016,9537
 Singapore,2017,14974
 Singapore,2018,15714
 Singapore,2019,15973
 Singapore,2020,1430
 Singapore,2021,n.ap
 Singapore,2022,17
 Singapore,2023,1
 Singapore,2024,n.ap
 Singapore,2025,n.ap
" South Africa, Rep. of",1983,2100
" South Africa, Rep. of",1984,2370
" South Africa, Rep. of",1985,2410
" South Africa, Rep. of",1986,2910
" South Africa, Rep. of",1987,3100
" South Africa, Rep. of",1988,3330
" South Africa, Rep. of",1989,4040
" South Africa, Rep. of",1990,4440
" South Africa, Rep. of",1991,4480
" South Africa, Rep. of",1992,4960
" South Africa, Rep. of",1993,5100
" South Africa, Rep. of",1994,7153
" South Africa, Rep. of",1995,7542
" South Africa, Rep. of",1996,9615
" South Africa, Rep. of",1997,10501
" South Africa, Rep. of",1998,10900
" South Africa, Rep. of",1999,10904
" South Africa, Rep. of",2000,11279
" South Africa, Rep. of",2001,11302
" South Africa, Rep. of",2002,14460
" South Africa, Rep. of",2003,14010
" South Africa, Rep. of",2004,13128
" South Africa, Rep. of",2005,13384
" South Africa, Rep. of",2006,13167
" South Africa, Rep. of",2007,16301
" South Africa, Rep. of",2008,19013
" South Africa, Rep. of",2009,18009
" South Africa, Rep. of",2010,20000
" South Africa, Rep. of",2011,20087
" South Africa, Rep. of",2012,22604
" South Africa, Rep. of",2013,21819
" South Africa, Rep. of",2014,22066
" South Africa, Rep. of",2015,23361
" South Africa, Rep. of",2016,26411
" South Africa, Rep. of",2017,27751
" South Africa, Rep. of",2018,29002
" South Africa, Rep. of",2019,32155
" South Africa, Rep. of",2020,6971
" South Africa, Rep. of",2021,1724
" South Africa, Rep. of",2022,16539
" South Africa, Rep. of",2023,26918
" South Africa, Rep. of",2024,28854
" South Africa, Rep. of",2025,32270
 Switzerland,1983,220
 Switzerland,1984,520
 Switzerland,1985,700
 Switzerland,1986,860
 Switzerland,1987,740
 Switzerland,1988,580
 Switzerland,1989,690
 Switzerland,1990,1190
 Switzerland,1991,760
 Switzerland,1992,750
 Switzerland,1993,910
 Switzerland,1994,1478
 Switzerland,1995,1501
 Switzerland,1996,1681
 Switzerland,1997,1681
 Switzerland,1998,1828
 Switzerland,1999,1766
 Switzerland,2000,2069
 Switzerland,2001,2221
 Switzerland,2002,2294
 Switzerland,2003,2133
 Switzerland,2004,1959
 Switzerland,2005,1581
 Switzerland,2006,2255
 Switzerland,2007,2522
 Switzerland,2008,2712
 Switzerland,2009,1495
 Switzerland,2010,2042
 Switzerland,2011,2001
 Switzerland,2012,1003
 Switzerland,2013,124
 Switzerland,2014,94
 Switzerland,2015,n.ap
 Switzerland,2016,118
 Switzerland,2017,675
 Switzerland,2018,1166
 Switzerland,2019,1912
 Switzerland,2020,744
 Switzerland,2021,201
 Switzerland,2022,1715
 Switzerland,2023,2080
 Switzerland,2024,2945
 Switzerland,2025,2513
 Turkey,1983,n.ap
 Turkey,1984,n.ap
 Turkey,1985,n.ap
 Turkey,1986,n.ap
 Turkey,1987,n.ap
 Turkey,1988,n.ap
 Turkey,1989,n.ap
 Turkey,1990,n.ap
 Turkey,1991,n.ap
 Turkey,1992,n.ap
 Turkey,1993,n.ap
 Turkey,1994,n.ap
 Turkey,1995,n.ap
 Turkey,1996,n.ap
 Turkey,1997,n.ap
 Turkey,1998,n.ap
 Turkey,1999,n.ap
 Turkey,2000,n.ap
 Turkey,2001,n.ap
 Turkey,2002,n.ap
 Turkey,2003,n.ap
 Turkey,2004,n.ap
 Turkey,2005,n.ap
 Turkey,2006,n.ap
 Turkey,2007,n.ap
 Turkey,2008,n.ap
 Turkey,2009,n.ap
 Turkey,2010,n.ap
 Turkey,2011,n.ap
 Turkey,2012,n.ap
 Turkey,2013,n.ap
 Turkey,2014,n.ap
 Turkey,2015,46
 Turkey,2016,2675
 Turkey,2017,6390
 Turkey,2018,10813
 Turkey,2019,13639
 Turkey,2020,1624
 Turkey,2021,1756
 Turkey,2022,10737
 Turkey,2023,10091
 Turkey,2024,14119
 Turkey,2025,14766
 United Arab Emirates,1983,n.ap
 United Arab Emirates,1984,n.ap
 United Arab Emirates,1985,n.ap
 United Arab Emirates,1986,n.ap
 United Arab Emirates,1987,n.ap
 United Arab Emirates,1988,n.ap
 United Arab Emirates,1989,n.ap
 United Arab Emirates,1990,n.ap
 United Arab Emirates,1991,n.ap
 United Arab Emirates,1992,n.ap
 United Arab Emirates,1993,n.ap
 United Arab Emirates,1994,n.ap
 United Arab Emirates,1995,9
 United Arab Emirates,1996,8
 United Arab Emirates,1997,7
 United Arab Emirates,1998,0
 United Arab Emirates,1999,2
 United Arab Emirates,2000,4
 United Arab Emirates,2001,0
 United Arab Emirates,2002,4472
 United Arab Emirates,2003,8927
 United Arab Emirates,2004,9724
 United Arab Emirates,2005,10818
 United Arab Emirates,2006,12813
 United Arab Emirates,2007,15295
 United Arab Emirates,2008,19759
 United Arab Emirates,2009,26233
 United Arab Emirates,2010,23950
 United Arab Emirates,2011,27670
 United Arab Emirates,2012,34069
 United Arab Emirates,2013,41698
 United Arab Emirates,2014,53626
 United Arab Emirates,2015,61575
 United Arab Emirates,2016,61765
 United Arab Emirates,2017,64558
 United Arab Emirates,2018,70193
 United Arab Emirates,2019,72857
 United Arab Emirates,2020,14973
 United Arab Emirates,2021,14126
 United Arab Emirates,2022,58948
 United Arab Emirates,2023,73888
 United Arab Emirates,2024,85131
 United Arab Emirates,2025,92882
 United Kingdom,1983,4750
 United Kingdom,1984,4740
 United Kingdom,1985,4420
 United Kingdom,1986,5070
 United Kingdom,1987,5080
 United Kingdom,1988,6120
 United Kingdom,1989,6990
 United Kingdom,1990,8080
 United Kingdom,1991,7410
 United Kingdom,1992,7650
 United Kingdom,1993,7850
 United Kingdom,1994,14919
 United Kingdom,1995,14229
 United Kingdom,1996,14897
 United Kingdom,1997,14970
 United Kingdom,1998,12754
 United Kingdom,1999,18507
 United Kingdom,2000,18029
 United Kingdom,2001,19942
 United Kingdom,2002,21523
 United Kingdom,2003,25035
 United Kingdom,2004,32276
 United Kingdom,2005,31342
 United Kingdom,2006,30715
 United Kingdom,2007,33913
 United Kingdom,2008,33544
 United Kingdom,2009,21611
 United Kingdom,2010,22673
 United Kingdom,2011,24815
 United Kingdom,2012,23725
 United Kingdom,2013,20187
 United Kingdom,2014,17726
 United Kingdom,2015,18175
 United Kingdom,2016,17414
 United Kingdom,2017,19423
 United Kingdom,2018,19698
 United Kingdom,2019,20704
 United Kingdom,2020,4997
 United Kingdom,2021,3171
 United Kingdom,2022,19471
 United Kingdom,2023,25488
 United Kingdom,2024,25294
 United Kingdom,2025,22617
 Zimbabwe,1983,n.ap
 Zimbabwe,1984,n.ap
 Zimbabwe,1985,n.ap
 Zimbabwe,1986,n.ap
 Zimbabwe,1987,n.ap
 Zimbabwe,1988,n.ap
 Zimbabwe,1989,n.ap
 Zimbabwe,1990,n.ap
 Zimbabwe,1991,n.ap
 Zimbabwe,1992,n.ap
 Zimbabwe,1993,n.ap
 Zimbabwe,1994,n.ap
 Zimbabwe,1995,912
 Zimbabwe,1996,929
 Zimbabwe,1997,1084
 Zimbabwe,1998,938
 Zimbabwe,1999,1142
 Zimbabwe,2000,1117
 Zimbabwe,2001,1093
 Zimbabwe,2002,924
 Zimbabwe,2003,506
 Zimbabwe,2004,494
 Zimbabwe,2005,356
 Zimbabwe,2006,81
 Zimbabwe,2007,26
 Zimbabwe,2008,n.ap
 Zimbabwe,2009,n.ap
 Zimbabwe,2010,n.ap
 Zimbabwe,2011,n.ap
 Zimbabwe,2012,n.ap
 Zimbabwe,2013,n.ap
 Zimbabwe,2014,6
 Zimbabwe,2015,n.ap
 Zimbabwe,2016,n.ap
 Zimbabwe,2017,n.ap
 Zimbabwe,2018,1
 Zimbabwe,2019,n.ap
 Zimbabwe,2020,n.ap
 Zimbabwe,2021,n.ap
 Zimbabwe,2022,n.ap
 Zimbabwe,2023,n.ap
 Zimbabwe,2024,n.ap
 Zimbabwe,2025,n.ap
